stem,selection_reasons,legacy_stage1_final_mean_abs_bgr_delta,legacy_stage1_final_mean_abs_chroma_delta,legacy_stage1_final_grad_mean_ratio,legacy_stage1_final_luma_std_ratio,P27_raw_detail_lowfreq_chroma_mean_abs_bgr_delta,P27_raw_detail_lowfreq_chroma_mean_abs_chroma_delta,P27_raw_detail_lowfreq_chroma_grad_mean_ratio,P27_raw_detail_lowfreq_chroma_luma_std_ratio,D01_structure_flow_mean_abs_bgr_delta,D01_structure_flow_mean_abs_chroma_delta,D01_structure_flow_grad_mean_ratio,D01_structure_flow_luma_std_ratio,FF01_full_flow_v8_mean_abs_bgr_delta,FF01_full_flow_v8_mean_abs_chroma_delta,FF01_full_flow_v8_grad_mean_ratio,FF01_full_flow_v8_luma_std_ratio,FF02_detector_compatible_mean_abs_bgr_delta,FF02_detector_compatible_mean_abs_chroma_delta,FF02_detector_compatible_grad_mean_ratio,FF02_detector_compatible_luma_std_ratio
chazhuang.3,legacy_stage1_final:top3_bgr,99.48009490966797,0.05509765446186066,3.2560420971155497,2.3238910285017953,0.7210644483566284,0.003159179585054517,0.9740708189625946,0.9950031217945944,1.3052864074707031,0.0032031249720603228,0.944878250219842,0.9876932038853591,1.1333788633346558,0.014531250111758709,1.0081878067059997,1.0144799661622315,0.9716113209724426,0.2748095691204071,0.9345031927152186,1.0042654465426593
chazhuang.6,D01_structure_flow:diffusionedge_baseline_50k:f1_loss:top5;D01_structure_flow:diffusionedge_baseline_50k:false_edge_increase:top5,35.856136322021484,0.07084961235523224,4.9101773091503045,2.0433959978959293,1.3533724546432495,0.016225585713982582,1.0320427930086618,0.999990071091235,1.5881282091140747,0.01650390587747097,1.132513810349778,0.9732867971425825,0.8845247626304626,0.032685548067092896,1.0663273341947552,1.0423051533542642,1.1478288173675537,0.3406689465045929,0.8795059398071453,1.002271744383092
chichaoyiwan.2,FF01_full_flow_v8:diffusionedge_baseline_50k:endpoint_increase:top5;FF02_detector_compatible:diffusionedge_baseline_50k:endpoint_increase:top5,37.38617706298828,18.280073165893555,24.426607841467284,12.123458906094628,1.8873567581176758,0.927929699420929,1.461941370636678,1.040215633146413,3.0363378524780273,1.9141699075698853,1.4780260240144136,1.0423295941387563,12.68359375,8.513593673706055,1.0622601518700754,1.2504345162058625,19.389095306396484,12.588544845581055,0.8462731332665302,1.1091686686800786
chichaoyiwan.3,FF01_full_flow_v8:msfi_50k:endpoint_increase:top5;FF02_detector_compatible:msfi_50k:endpoint_increase:top5,42.044002532958984,18.437421798706055,30.098640521034095,13.116534933438565,1.8040852546691895,0.9441259503364563,1.3227202108440679,0.9660051927124463,3.0007290840148926,1.9394726753234863,1.3363018720518234,0.9721006224778883,12.682297706604004,8.528183937072754,1.0678069201403317,1.2313921371683645,19.524019241333008,12.743866920471191,0.8496733180547071,1.1035744986966574
chichaoyiwan.4,D01_structure_flow:diffusionedge_baseline_50k:endpoint_increase:top5,46.69519805908203,18.4859619140625,37.06483838609283,13.534225160117659,1.799462914466858,0.9282177686691284,1.3560289909376855,1.032789756234431,2.941497325897217,1.9200830459594727,1.3659429061697612,1.033583488306966,12.69546890258789,8.5228910446167,1.0518221959441287,1.2631520586404978,19.3581485748291,12.557211875915527,0.786651239149561,1.0943221974740038
donghaiyuanjia.17,D01_structure_flow:top3_bgr,28.6934757232666,14.6966552734375,5.685784955191795,3.450214086940498,3.270374298095703,1.1100683212280273,1.3224914717186638,0.9832568382282775,5.70878267288208,1.5359569787979126,1.2394737204480335,0.988766203643205,22.664159774780273,8.988178253173828,1.094398117182465,1.1832178978867711,28.647567749023438,13.055869102478027,0.9687838798330457,1.0618972207102564
donghaiyuanjia.18,D01_structure_flow:top3_bgr;FF01_full_flow_v8:top5_grad;named_in_FF01_status,50.1285400390625,18.450366973876953,18.468106563373407,5.928164067118258,3.1022720336914062,1.0347460508346558,1.807101491496109,0.9857229404360733,5.757737636566162,1.5265575647354126,1.8106735145252477,0.9860254287967783,22.315156936645508,7.494106292724609,1.42804935888386,1.2784845015005752,27.765541076660156,11.531991958618164,1.0767133273675227,1.0939736664160717
donghaiyuanjia.26,FF01_full_flow_v8:diffusionedge_baseline_50k:f1_loss:top5;FF01_full_flow_v8:msfi_50k:f1_loss:top5;FF01_full_flow_v8:msfi_50k:false_edge_increase:top5;FF02_detector_compatible:diffusionedge_baseline_50k:f1_loss:top5;FF02_detector_compatible:diffusionedge_baseline_50k:false_edge_increase:top5;FF02_detector_compatible:msfi_50k:f1_loss:top5;FF02_detector_compatible:msfi_50k:false_edge_increase:top5,46.813941955566406,20.075307846069336,19.059701279730685,8.697088280145499,3.0913217067718506,1.0399901866912842,1.2408953082095129,0.9744276283291776,5.455901622772217,1.5310596227645874,1.2400218686054834,0.974103585281451,22.585758209228516,10.827783584594727,1.0770588121922466,1.2199542229590061,29.26399803161621,14.35498046875,0.8690482599570981,1.0705384004315937
duowenqigou.4,D01_structure_flow:diffusionedge_baseline_50k:f1_loss:top5;D01_structure_flow:diffusionedge_baseline_50k:false_edge_increase:top5;P27_raw_detail_lowfreq_chroma:diffusionedge_baseline_50k:endpoint_increase:top5;P27_raw_detail_lowfreq_chroma:diffusionedge_baseline_50k:f1_loss:top5;P27_raw_detail_lowfreq_chroma:diffusionedge_baseline_50k:false_edge_increase:top5;P27_raw_detail_lowfreq_chroma:top3_bgr,23.13210678100586,5.835688591003418,3.750053386706498,2.4424031707904454,3.6734960079193115,1.1367480754852295,1.0076134355539048,0.9976819864510247,3.6998307704925537,1.1487548351287842,1.0062397522957878,0.9912868302540081,1.903883457183838,1.2296338081359863,1.0038560464538548,1.0145176897384107,2.6648242473602295,1.8595995903015137,0.8454029374667835,0.9452624649382821
hailianzao.10,D01_structure_flow:msfi_50k:f1_loss:top5;D01_structure_flow:msfi_50k:false_edge_increase:top5;P27_raw_detail_lowfreq_chroma:msfi_50k:f1_loss:top5,18.745227813720703,7.611752986907959,3.1956490244461637,1.4756077255420053,3.505380868911743,1.8463525772094727,1.0747348251365962,1.0026115040974624,3.56191086769104,1.8459081649780273,1.0796609450164485,0.991831467807702,4.199580192565918,2.727846622467041,1.0070766736549348,0.9976477603584294,4.995309352874756,3.126084089279175,0.8771926687765862,0.9849093083348305
hailianzao.8,D01_structure_flow:msfi_50k:f1_loss:top5;P27_raw_detail_lowfreq_chroma:msfi_50k:f1_loss:top5,87.94676971435547,12.524789810180664,4.6958475784029625,2.6943556920861247,3.0585222244262695,1.546289086341858,1.0241012049268317,1.0053612937656964,3.469492197036743,1.8949121236801147,1.0268927815629296,0.9918835904235289,9.350374221801758,6.972460746765137,1.0194821060127934,1.0001786205679664,12.831816673278809,9.533638000488281,0.8814817541595015,0.9766886368946384
haiyangkadun.13,D01_structure_flow:msfi_50k:endpoint_increase:top5;P27_raw_detail_lowfreq_chroma:diffusionedge_baseline_50k:f1_loss:top5;P27_raw_detail_lowfreq_chroma:diffusionedge_baseline_50k:false_edge_increase:top5;P27_raw_detail_lowfreq_chroma:msfi_50k:endpoint_increase:top5,53.64137649536133,10.027016639709473,16.86970207706779,4.339997460667071,1.1179622411727905,0.3545800745487213,1.312828514464654,0.9857540280430497,1.3090656995773315,0.35457029938697815,1.571237905777369,0.9991807141447238,14.659811019897461,7.022216796875,1.0656188889257212,1.0451409496048794,16.373193740844727,7.931806564331055,1.1393630613531338,1.0197493271457945
haiyangkadun.19,D01_structure_flow:diffusionedge_baseline_50k:f1_loss:top5;P27_raw_detail_lowfreq_chroma:diffusionedge_baseline_50k:f1_loss:top5,10.751174926757812,4.826962947845459,5.189466991462326,1.9074851127978427,1.88037109375,0.8152294754981995,1.170965087156851,1.0070446222266054,1.9301432371139526,0.8153369426727295,1.2482354000408595,0.981807597498379,2.788616418838501,2.297470808029175,1.032514866446902,1.0277759237112603,3.3989615440368652,2.727797746658325,0.9033821548393435,1.004027135775912
haiyangkadun.20,D01_structure_flow:msfi_50k:false_edge_increase:top5;P27_raw_detail_lowfreq_chroma:diffusionedge_baseline_50k:false_edge_increase:top5;P27_raw_detail_lowfreq_chroma:msfi_50k:false_edge_increase:top5,18.47504234313965,6.677871227264404,3.381737676017761,1.0943937803324324,2.3731770515441895,1.0767773389816284,1.041602818892159,0.9973815597766169,2.5373470783233643,1.0774316787719727,1.0736651821042977,0.9806153731608067,8.890527725219727,4.660263538360596,1.0100370958633345,0.9812197565483443,9.84887409210205,5.293627738952637,0.916005951809053,0.9932044758138187
haiyangyuanjia.6,D01_structure_flow:diffusionedge_baseline_50k:endpoint_increase:top5,31.52642250061035,9.338120460510254,2.851184399154649,1.383799408748252,1.799889326095581,0.849804699420929,0.9879221630918229,0.9985387197559458,1.8210351467132568,0.8522363305091858,1.0147234212922667,0.9919754089937829,4.559420585632324,4.486899375915527,1.0138714124521961,1.0165618448102192,5.163222789764404,5.208593845367432,0.9408571426556872,0.996654336999834
haiyangyuanjia.7,P27_raw_detail_lowfreq_chroma:msfi_50k:false_edge_increase:top5,28.372465133666992,5.031289100646973,3.1183547693638274,1.6093076327797278,1.485582709312439,0.4070507884025574,1.0124849867166956,1.000015178384178,1.6037890911102295,0.4092040956020355,1.0761896444631722,0.9870623601154467,4.376110076904297,2.4128222465515137,1.0204814711671557,1.0076585764546697,5.297972202301025,2.932421922683716,0.8969757996015442,0.9880177848742582
jianci.4,D01_structure_flow:msfi_50k:endpoint_increase:top5;FF01_full_flow_v8:top5_grad;FF02_detector_compatible:top5_grad;named_in_FF01_FF02_status,20.417936325073242,16.55817413330078,15.761348343814628,10.131370894559437,1.8452343940734863,0.7379834055900574,1.9338201896792673,0.9911939260975968,2.0712532997131348,1.5973047018051147,1.936628572405696,0.9946147163909373,12.30517292022705,11.985483169555664,1.2108202245964894,1.1811128078385462,14.213420867919922,13.942304611206055,1.237878637575805,1.1262741591769327
jiaomaozao.14,P27_raw_detail_lowfreq_chroma:top3_bgr,32.460609436035156,2.902890682220459,2.545682527577964,2.100094160619292,4.220859527587891,1.727748990058899,0.9666512164374765,0.9746377353470959,4.195735454559326,1.7274023294448853,0.9262859948349076,0.9663491176759067,1.1164159774780273,0.26325684785842896,1.0128176199133492,1.0203939302993015,1.8535188436508179,0.5981103777885437,0.8445232849321489,0.9230876359848113
jiaomaozao.19,P27_raw_detail_lowfreq_chroma:top3_bgr,24.20916748046875,2.833432674407959,2.562909025852819,2.2060133829822433,3.9563183784484863,1.8374218940734863,1.0046732953862154,1.005353244021096,3.951500654220581,1.8380224704742432,0.971497625213753,0.9971476948488476,1.2054166793823242,0.42146483063697815,1.0146101868118602,1.0147826004596703,2.041207790374756,0.6657665967941284,0.8483562309971864,0.9109454524610178
jiaomaozao.29,D01_structure_flow:msfi_50k:f1_loss:top5;P27_raw_detail_lowfreq_chroma:msfi_50k:f1_loss:top5,21.475074768066406,12.400971412658691,5.484402304736356,3.0044958563872486,1.9578157663345337,0.9258496165275574,1.0783868522285707,0.9986653688841358,1.9129524230957031,1.2260693311691284,1.1114405401902985,1.0024993047048332,8.335592269897461,8.132719993591309,1.0134713855955328,1.0278686389991882,10.056819915771484,9.555048942565918,0.8768522440429957,0.999196373833743
lianzhuangluojia.10,D01_structure_flow:top5_grad;P27_raw_detail_lowfreq_chroma:top5_grad,85.396484375,5.233964920043945,13.736019034296472,4.593587096478374,1.580065131187439,0.6611865162849426,2.6299260400684794,1.00127426876284,1.481848955154419,0.6605663895606995,3.1399933109204614,0.9766305680096123,2.395475149154663,2.2114551067352295,1.1819392469399366,1.0616264255264702,3.166943311691284,3.121020555496216,1.0060497010008884,0.9905421441814337
lianzhuangluojia.13,D01_structure_flow:msfi_50k:false_edge_increase:top5;P27_raw_detail_lowfreq_chroma:msfi_50k:f1_loss:top5;P27_raw_detail_lowfreq_chroma:msfi_50k:false_edge_increase:top5,31.127317428588867,9.336845397949219,3.826931284158999,2.131034601703942,2.3044824600219727,0.9565283060073853,0.9309213014932051,0.9902476424621265,2.367835283279419,0.9578759670257568,0.9960252580258028,0.9833631131617468,3.4463703632354736,3.277846574783325,1.0118214290420393,1.0266194724656525,3.967470645904541,3.794497013092041,0.8349215185254355,0.9757698963062794
lianzhuangluojia.9,legacy_stage1_final:top3_bgr,93.41728210449219,3.870732307434082,9.453025489167572,3.8475584976888344,1.67424476146698,0.7398926019668579,1.6807833142113957,1.0052061746943544,1.7788997888565063,0.7386425733566284,2.0541943111024406,0.9777944309736215,2.485478401184082,2.1506006717681885,1.0922041029800056,1.0234571234953869,2.908766269683838,2.607480525970459,1.179340665665267,1.0061741195802842
limayuanjia.16,P27_raw_detail_lowfreq_chroma:msfi_50k:f1_loss:top5,22.76756477355957,12.091054916381836,3.7252014321638502,1.597700652765263,1.7417349815368652,0.5462207198143005,1.100469919285126,1.0035546287128314,2.0919172763824463,0.8076757788658142,1.1236173552809827,0.976837949567023,13.180901527404785,6.374477386474609,1.0395770523300414,1.013715657622201,15.929924964904785,8.0219144821167,0.9008280801078594,0.9962733762205717
limayuanjia.18,D01_structure_flow:diffusionedge_baseline_50k:f1_loss:top5;D01_structure_flow:diffusionedge_baseline_50k:false_edge_increase:top5;P27_raw_detail_lowfreq_chroma:diffusionedge_baseline_50k:f1_loss:top5;P27_raw_detail_lowfreq_chroma:diffusionedge_baseline_50k:false_edge_increase:top5,32.95016860961914,7.231943130493164,3.6742039946167164,1.620285671915881,1.6865234375,0.6824169754981995,1.1073744360995073,1.0010685168098221,1.9619433879852295,0.6795263886451721,1.1164437311400872,0.9699639163528625,8.384153366088867,4.347978591918945,1.016557576088109,1.0058106707842982,10.203740119934082,5.382026195526123,0.9197993985030888,0.9957180375035707
lingxinghaixian.5,D01_structure_flow:msfi_50k:false_edge_increase:top5,14.950247764587402,13.927637100219727,8.569637412562132,6.503006156557043,1.5671452283859253,0.7709423899650574,1.7055709327426898,1.0760056141371859,2.355654239654541,1.6284228563308716,1.716607811543983,1.0922592288045587,11.61344051361084,9.618661880493164,1.0766846279527182,1.0953914674184053,13.310439109802246,11.3379545211792,1.0369294357173588,1.0350283496300747
luojiazao.4,FF01_full_flow_v8:msfi_50k:endpoint_increase:top5,64.91957092285156,2.5549511909484863,5.1254983245045755,1.758024654875664,2.0502116680145264,0.9471337795257568,1.3967252986823975,1.0010762656498995,2.4049837589263916,0.9462646245956421,1.393192349011699,0.9777015504495961,2.069713592529297,1.191586971282959,1.0122420743752159,0.9912030520518386,2.274869680404663,1.6186327934265137,0.8802108689992293,0.995216433031764
luoshijiaomao.3,FF02_detector_compatible:diffusionedge_baseline_50k:f1_loss:top5,19.84119415283203,9.4896821975708,6.31388785045997,3.6380288622680457,1.82365882396698,0.7779931426048279,1.0518301078680803,0.9509973217728154,1.883056640625,0.7776952981948853,1.1325853302965707,0.9394499775057479,4.52078104019165,4.580483436584473,1.0378076761232247,1.0589259280577539,5.408502578735352,5.452856540679932,0.8933959550124848,1.011547070695681
nilingxing.4,P27_raw_detail_lowfreq_chroma:msfi_50k:endpoint_increase:top5,74.61038208007812,3.353022575378418,3.7975364401452816,1.8927092356198183,1.699462890625,0.638623058795929,0.9284614386934364,0.9719411102383044,1.7327897548675537,0.6384814381599426,0.9906215214139289,0.9571707442423931,3.4626758098602295,1.7484033107757568,1.0169339104991848,1.0145942737438516,3.966155529022217,2.038501024246216,0.8758701276125774,1.0019897310204504
paige.4,P27_raw_detail_lowfreq_chroma:diffusionedge_baseline_50k:endpoint_increase:top5,11.54973316192627,1.2554785013198853,4.88953353214406,2.562731444766598,2.378798723220825,1.2612695693969727,1.267064007092901,0.9990231373917688,2.4233365058898926,1.255312442779541,1.2418982602844415,0.9847050237612194,1.1424120664596558,0.17646484076976776,1.0436981564367738,1.0285726438674638,1.5925390720367432,0.9168359637260437,0.88931507981501,1.0057469588787284
paige.5,P27_raw_detail_lowfreq_chroma:msfi_50k:endpoint_increase:top5,77.32466125488281,13.333818435668945,9.18066110528008,6.018435001309721,1.9985417127609253,0.7307031154632568,1.7250810355858461,1.092722385434858,2.324934959411621,1.5768554210662842,1.7250361655794595,1.096655172316541,10.873698234558105,10.397705078125,1.0892933385679149,1.0261953958913999,12.912766456604004,11.912012100219727,1.0741935616459524,0.9918237955613188
qiangzhuang.13,P27_raw_detail_lowfreq_chroma:msfi_50k:endpoint_increase:top5,54.29131317138672,28.686655044555664,6.3253851453794905,4.369040378246659,1.7680631875991821,0.6356835961341858,1.118200246819318,0.9890726890038126,3.171682834625244,1.6217724084854126,1.109819366463454,1.0041869693762433,9.9133882522583,8.669912338256836,1.1040889955547095,1.2123004526043761,15.280374526977539,13.45321273803711,0.9542079438123915,1.070989329301456
qiangzhuang.14,D01_structure_flow:msfi_50k:endpoint_increase:top5;P27_raw_detail_lowfreq_chroma:msfi_50k:false_edge_increase:top5,49.9384651184082,27.519800186157227,6.526274471425299,3.910686880090997,1.686708927154541,0.6137646436691284,1.2062212792798956,1.0002047640697196,3.10610032081604,1.6008496284484863,1.196225276504058,1.000411168771884,9.768723487854004,8.654926300048828,1.1318615140530444,1.199861798347885,15.208024024963379,13.437548637390137,0.9714608340298756,1.0621158496590783
qiangzhuang.15,FF01_full_flow_v8:msfi_50k:endpoint_increase:top5;FF02_detector_compatible:diffusionedge_baseline_50k:endpoint_increase:top5;FF02_detector_compatible:msfi_50k:endpoint_increase:top5,57.33815002441406,29.774642944335938,6.053528062507869,4.392561161091985,1.9305728673934937,0.6450048685073853,0.9983750288860543,0.8971266262370556,3.267932891845703,1.6020996570587158,0.995951225593042,0.9091171536614867,9.70751667022705,8.564526557922363,1.089841280222977,1.1864185933556592,15.199361801147461,13.4171142578125,0.9741813875732219,1.061488340260179
qiangzhuang.17,D01_structure_flow:diffusionedge_baseline_50k:false_edge_increase:top5;P27_raw_detail_lowfreq_chroma:diffusionedge_baseline_50k:false_edge_increase:top5,52.34172058105469,31.113487243652344,8.281904312159398,4.726995505574192,1.7865592241287231,1.034609317779541,1.5634429110881882,1.0237015924794632,3.9336295127868652,2.477123975753784,1.5989854481243102,1.0189467722955363,17.017356872558594,11.644848823547363,1.2025387060418002,1.313526058082339,24.8647518157959,16.155210494995117,1.1014181979188014,1.0959930346676852
rouruo.4,FF01_full_flow_v8:diffusionedge_baseline_50k:endpoint_increase:top5,45.9870491027832,8.229516983032227,9.678812987696105,5.324209191371658,1.6200944185256958,0.5282958745956421,1.0738178920688801,0.8658658356506683,1.5788410902023315,0.5299218893051147,1.129543630647883,0.8337125322783823,6.184235095977783,3.3998193740844727,1.0561012365206426,1.0617632635654062,7.775195121765137,4.312216758728027,0.9594605800892207,1.0193410423090847
sanjiaoji.10,P27_raw_detail_lowfreq_chroma:diffusionedge_baseline_50k:endpoint_increase:top5,19.284709930419922,7.524165153503418,3.6163603603354493,2.7214203968191613,3.1926627159118652,1.193701148033142,0.898751790540409,0.9105217620983221,3.3472297191619873,1.2351514101028442,0.9570350702713634,0.9332487262521976,6.818323612213135,4.517207145690918,1.013352785908611,1.031546028358916,7.989296913146973,5.14065408706665,0.8414301771645474,0.9338848865237951
shikelipu.4,D01_structure_flow:msfi_50k:f1_loss:top5;D01_structure_flow:msfi_50k:false_edge_increase:top5;P27_raw_detail_lowfreq_chroma:msfi_50k:false_edge_increase:top5,79.47236633300781,5.7333984375,4.911208526463715,2.446828106080442,1.56598961353302,0.5267773270606995,0.9815568253084924,1.0009403489913358,1.631090521812439,0.5265088081359863,1.0567437494021643,0.9789598353811664,5.305029392242432,2.9935009479522705,1.0106696023944375,1.0180289230867465,6.374150276184082,3.558461904525757,0.8532594710523322,0.9946603436920572
shikelipu.5,D01_structure_flow:diffusionedge_baseline_50k:endpoint_increase:top5;D01_structure_flow:msfi_50k:endpoint_increase:top5;P27_raw_detail_lowfreq_chroma:msfi_50k:endpoint_increase:top5,62.205509185791016,8.679941177368164,9.829234237836268,5.164488615642145,1.7874870300292969,0.49814942479133606,0.8943934528212286,0.8370402212480007,2.016494035720825,0.5517138838768005,0.9766116283251465,0.8619870469899136,7.472548961639404,3.7752490043640137,1.0376124860946783,1.0768237243787238,9.018941879272461,4.717880725860596,0.8637766188350684,0.9996942322930528
tama.10,D01_structure_flow:diffusionedge_baseline_50k:f1_loss:top5;FF02_detector_compatible:top3_bgr;P27_raw_detail_lowfreq_chroma:diffusionedge_baseline_50k:f1_loss:top5,50.181312561035156,25.69159698486328,5.480833857715458,1.9117367089265096,2.8010058403015137,1.084902286529541,1.4645090022052387,0.9963288726204412,4.918877124786377,1.5813769102096558,1.434751432150864,0.9708658345551823,23.103742599487305,11.963525772094727,1.0627297999131133,1.078566516542871,31.58917236328125,16.29926300048828,1.0031944396545867,1.0233991103811413
tama.11,D01_structure_flow:top5_grad;FF02_detector_compatible:top5_grad;P27_raw_detail_lowfreq_chroma:top5_grad;legacy_stage1_final:top5_grad;named_in_FA01,27.052894592285156,5.457016468048096,50.880336280225386,7.3142542350942605,1.1574902534484863,0.2038281261920929,3.515294485986916,1.0079191475571623,0.73245769739151,0.20527343451976776,3.75162446167216,1.0126040424995575,5.11941385269165,2.6180419921875,1.165492205545763,1.0670164347034345,6.279371738433838,3.4343504905700684,1.395128336924135,1.0229017367572508
tama.13,D01_structure_flow:top5_grad;FF01_FF02_smoke_top_grad_family;P27_raw_detail_lowfreq_chroma:top5_grad;legacy_stage1_final:top3_bgr,102.68505096435547,3.790034294128418,9.14530278683853,3.7343360134411854,1.6422135829925537,0.6823632717132568,2.5379913703869517,1.0012496535999933,1.5017545223236084,0.6076562404632568,2.891839437216324,0.9648768073548879,3.6168880462646484,2.076786994934082,1.099167789945386,1.042159762500649,4.565104007720947,2.8164892196655273,0.9873706587727754,0.9941260072519299
tama.14,D01_structure_flow:top5_grad;FF01_full_flow_v8:top5_grad;FF02_detector_compatible:top5_grad;P27_raw_detail_lowfreq_chroma:top5_grad;legacy_stage1_final:top5_grad;named_in_FA01_and_FF02,31.575084686279297,5.269370079040527,53.99875619143715,7.915617365823688,1.156884789466858,0.22385254502296448,3.617807689755781,1.0050160073304397,0.7461816668510437,0.22545897960662842,3.855332927606744,1.0097219893792109,5.073157787322998,2.6017041206359863,1.209533672543569,1.0642933385963746,6.249840259552002,3.4246485233306885,1.4455345948379414,1.0254912166257002
tama.8,FF01_full_flow_v8:top3_bgr;FF02_detector_compatible:diffusionedge_baseline_50k:endpoint_increase:top5;FF02_detector_compatible:top3_bgr,44.393184661865234,22.314809799194336,5.091491529568781,2.1497507981346455,3.102001905441284,1.058984398841858,1.4893631483686551,0.995812992422665,5.31057596206665,1.5521435737609863,1.4861258805187834,0.978684158143201,23.156494140625,11.964941024780273,1.1418165611819266,1.1030648906382279,31.824134826660156,16.247909545898438,1.0044807880893387,1.030103261132828
tama.9,D01_structure_flow:top5_grad;FF02_detector_compatible:top5_grad;P27_raw_detail_lowfreq_chroma:top5_grad;legacy_stage1_final:top5_grad;named_in_FA01,27.85485076904297,5.465488433837891,51.21637852946372,7.406415818378515,1.1696614027023315,0.22081054747104645,3.306226804292125,1.007019504288967,0.749280571937561,0.22286133468151093,3.5182708926969384,1.0115707870428918,5.049964427947998,2.584228515625,1.087253951302768,1.0673116277393244,6.252281665802002,3.407031297683716,1.3478824476388414,1.0232382636090074
tiaowenhuangou.4,FF02_detector_compatible:diffusionedge_baseline_50k:endpoint_increase:top5;FF02_detector_compatible:msfi_50k:endpoint_increase:top5,29.35593032836914,12.423256874084473,3.8381634417043102,1.7782585295507907,3.39389967918396,0.7080224752426147,0.9339103563536685,0.9712280448452996,3.497727870941162,0.7131006121635437,0.9733891193938836,0.9543251020049826,12.93620777130127,6.434062480926514,1.00929260352694,0.9964956278020287,15.272652626037598,7.917192459106445,0.8246459789975604,0.9686982942427933
tiaowenhuangou.5,D01_structure_flow:msfi_50k:endpoint_increase:top5;FF02_detector_compatible:msfi_50k:endpoint_increase:top5,30.274063110351562,12.982318878173828,3.8564149619608847,1.805270518495767,3.4156315326690674,0.8345507979393005,0.934655046060201,0.9701246000643071,3.5179686546325684,0.8396191596984863,0.9744290255327636,0.95329703263612,12.870244026184082,6.420761585235596,1.0091492308298409,0.9964268084655014,15.218294143676758,7.906171798706055,0.8261457040507414,0.9669458099133588
weixiaoyuanjia.21,D01_structure_flow:diffusionedge_baseline_50k:endpoint_increase:top5;D01_structure_flow:diffusionedge_baseline_50k:false_edge_increase:top5;FF01_full_flow_v8:diffusionedge_baseline_50k:endpoint_increase:top5;FF01_full_flow_v8:diffusionedge_baseline_50k:f1_loss:top5;FF01_full_flow_v8:diffusionedge_baseline_50k:false_edge_increase:top5;FF01_full_flow_v8:top3_bgr;FF01_full_flow_v8:top5_grad;FF02_detector_compatible:top5_grad;P27_raw_detail_lowfreq_chroma:diffusionedge_baseline_50k:endpoint_increase:top5;legacy_stage1_final:top5_grad;named_in_FF01_FF02_status,46.68164825439453,21.9974422454834,41.607157387015405,17.42880581378466,2.909677743911743,0.9398486614227295,2.2305735298531357,1.0644451731967386,5.256536483764648,1.461484432220459,2.339863155681437,1.0961099377467654,27.498783111572266,13.379286766052246,1.913685255766522,1.55931581295328,29.75748062133789,15.207690238952637,1.247593911992112,1.2136024294037593
weixiaoyuanjia.22,FF01_full_flow_v8:diffusionedge_baseline_50k:endpoint_increase:top5;FF01_full_flow_v8:top3_bgr;FF02_detector_compatible:diffusionedge_baseline_50k:endpoint_increase:top5;FF02_detector_compatible:top3_bgr;legacy_or_FF02_high_color_shift;legacy_stage1_final:top5_grad,39.37663650512695,19.551401138305664,49.17610424825221,17.190515220539954,2.813427686691284,0.9972021579742432,2.414883122481293,0.9826500347556216,5.125322341918945,1.5067334175109863,2.464198669861674,1.0133404033206428,43.86824035644531,20.43877410888672,0.984682999734981,0.8988642019041563,43.0109748840332,20.20389175415039,1.0799185211731546,0.9620910407451615
weixiaoyuanjia.23,FF01_full_flow_v8:diffusionedge_baseline_50k:f1_loss:top5;FF01_full_flow_v8:diffusionedge_baseline_50k:false_edge_increase:top5;FF02_detector_compatible:diffusionedge_baseline_50k:f1_loss:top5;FF02_detector_compatible:diffusionedge_baseline_50k:false_edge_increase:top5,43.56425094604492,18.9659423828125,20.069650231400285,7.583597522630427,3.0651659965515137,1.024477481842041,1.5002886001218088,0.9489197838426187,5.429261207580566,1.5200976133346558,1.4982054302707637,0.9484814726741556,22.983564376831055,10.983124732971191,1.164354796567267,1.3256024216982525,31.011184692382812,15.34256362915039,1.0317552923850142,1.0991051914056698
weixiaoyuanjia.26,D01_structure_flow:top3_bgr;FF01_full_flow_v8:diffusionedge_baseline_50k:endpoint_increase:top5;FF01_full_flow_v8:diffusionedge_baseline_50k:f1_loss:top5;FF01_full_flow_v8:diffusionedge_baseline_50k:false_edge_increase:top5;FF01_full_flow_v8:msfi_50k:endpoint_increase:top5;FF01_full_flow_v8:msfi_50k:f1_loss:top5;FF01_full_flow_v8:msfi_50k:false_edge_increase:top5;FF02_detector_compatible:diffusionedge_baseline_50k:f1_loss:top5;FF02_detector_compatible:diffusionedge_baseline_50k:false_edge_increase:top5;FF02_detector_compatible:msfi_50k:f1_loss:top5;FF02_detector_compatible:msfi_50k:false_edge_increase:top5,34.8260383605957,18.6588134765625,11.84855353269228,4.013860833414999,3.2476203441619873,1.0360790491104126,1.4721173200035529,0.9116663900816315,5.585826873779297,1.528012752532959,1.470143082812676,0.9112346147674308,22.860116958618164,11.286201477050781,1.1159436972086711,1.198878061240957,30.956151962280273,15.435522079467773,1.000124100965443,1.0598774527379846
xinyue.4,D01_structure_flow:msfi_50k:f1_loss:top5,33.65877151489258,14.517499923706055,21.141565792685057,8.657281475964874,1.735325574874878,0.9162890911102295,1.3123109122367225,1.0090631913104664,2.2735416889190674,1.2989404201507568,1.3237252431971316,1.0136586704170838,8.598756790161133,7.889565467834473,1.095169634827866,1.2140271671115024,13.458525657653809,11.041396141052246,0.9262833433850794,1.0834679486464283
xuehong.11,FF01_full_flow_v8:msfi_50k:f1_loss:top5;FF01_full_flow_v8:msfi_50k:false_edge_increase:top5;FF02_detector_compatible:diffusionedge_baseline_50k:f1_loss:top5;FF02_detector_compatible:msfi_50k:f1_loss:top5;FF02_detector_compatible:msfi_50k:false_edge_increase:top5,28.133527755737305,6.299829006195068,3.5437761412176365,1.6725900301964844,2.1271777153015137,0.5025585889816284,0.9633107550414193,0.9769957252153051,2.169635534286499,0.50537109375,1.0085046808309228,0.9514328522627258,5.424173355102539,2.891494035720825,1.0279958841577554,1.020657130810586,7.0856475830078125,3.905258893966675,0.8681656968098559,0.9986476082938073
xuehong.13,FF01_full_flow_v8:diffusionedge_baseline_50k:f1_loss:top5;FF01_full_flow_v8:diffusionedge_baseline_50k:false_edge_increase:top5;FF01_full_flow_v8:msfi_50k:f1_loss:top5;FF01_full_flow_v8:msfi_50k:false_edge_increase:top5;FF02_detector_compatible:diffusionedge_baseline_50k:false_edge_increase:top5;FF02_detector_compatible:msfi_50k:f1_loss:top5;FF02_detector_compatible:msfi_50k:false_edge_increase:top5,28.31879234313965,7.111230373382568,3.5832925104746747,1.6712160293540392,2.2656054496765137,0.4844677746295929,0.915748860311799,0.9701099189106583,2.3066537380218506,0.48731935024261475,0.9591761924408655,0.9436907028795368,5.387558460235596,2.879653215408325,1.0299893643720937,1.024154655510194,7.098564624786377,3.912910223007202,0.8667708029611769,0.9994236144716125
xuehong.14,D01_structure_flow:diffusionedge_baseline_50k:endpoint_increase:top5;P27_raw_detail_lowfreq_chroma:diffusionedge_baseline_50k:endpoint_increase:top5,28.85662841796875,6.733217716217041,3.6090243306396075,1.6031980123819372,1.863183617591858,0.5030370950698853,1.0118805957833321,0.9839490879196093,1.9047493934631348,0.506274402141571,1.0580295740902854,0.9561674411883104,5.497718334197998,2.9099903106689453,1.028399575701204,1.0263594709071315,7.10623025894165,3.9049510955810547,0.8637269256789177,0.9978210472426037
xuehong.9,FF01_full_flow_v8:diffusionedge_baseline_50k:false_edge_increase:top5;FF01_full_flow_v8:msfi_50k:endpoint_increase:top5;FF01_full_flow_v8:msfi_50k:f1_loss:top5;FF01_full_flow_v8:msfi_50k:false_edge_increase:top5;FF02_detector_compatible:diffusionedge_baseline_50k:false_edge_increase:top5;FF02_detector_compatible:msfi_50k:endpoint_increase:top5;FF02_detector_compatible:msfi_50k:f1_loss:top5;FF02_detector_compatible:msfi_50k:false_edge_increase:top5,27.682903289794922,7.073510646820068,3.4520573588437626,1.6432753708237477,2.1792025566101074,0.49764159321784973,0.9195217453201204,0.9739155699087464,2.2214810848236084,0.49906739592552185,0.9621947708493583,0.9488474617707188,5.426601409912109,2.8881592750549316,1.0274677223910822,1.0210275493611736,7.088323593139648,3.905810594558716,0.8701590464578561,0.9990179686891125
yuanhai.7,FF01_full_flow_v8:top5_grad,50.61595153808594,15.302929878234863,8.303234473633848,4.23755905590955,1.5465689897537231,0.6583203077316284,1.867355828804754,1.0064435742839948,2.9870572090148926,1.5348095893859863,1.8677065124606944,1.00674826529216,9.145797729492188,7.338315486907959,1.2044763812314692,1.151713511202943,14.964466094970703,11.71719741821289,1.056404685425617,1.0354931027749819
