variant,detector,kind,rank,stem,value,bgr_delta,luma_delta,chroma_delta,grad_ratio,luma_std_ratio,delta_f1,delta_false_edge,delta_endpoints,delta_pred_density
D01_structure_flow,diffusionedge_baseline_50k,f1_loss,1,limayuanjia.18,-0.0357232173654044,1.9619433879852295,1.5649511814117432,0.6795263886451721,1.1164437311400872,0.9699639163528625,-0.0357232173654044,0.06417867764813544,-5.11807033546164,0.0004199218749999997
D01_structure_flow,diffusionedge_baseline_50k,f1_loss,2,chazhuang.6,-0.03308743036511752,1.5881282091140747,1.4797558784484863,0.01650390587747097,1.132513810349778,0.9732867971425825,-0.03308743036511752,0.05739197820886727,9.48522707945899,0.001220703125
D01_structure_flow,diffusionedge_baseline_50k,f1_loss,3,duowenqigou.4,-0.030858507729621065,3.6998307704925537,3.2505273818969727,1.1487548351287842,1.0062397522957878,0.9912868302540081,-0.030858507729621065,0.08502736389231597,10.238024257449046,0.0015234374999999996
D01_structure_flow,diffusionedge_baseline_50k,f1_loss,4,tama.10,-0.029579757446865695,4.918877124786377,1.8222362995147705,1.5813769102096558,1.434751432150864,0.9708658345551823,-0.029579757446865695,0.03637566137566137,-4.566210045662101,-0.00013671875000000012
D01_structure_flow,diffusionedge_baseline_50k,f1_loss,5,haiyangkadun.19,-0.02567493198607035,1.9301432371139526,1.484804630279541,0.8153369426727295,1.2482354000408595,0.981807597498379,-0.02567493198607035,0.023619561473998463,7.2598659717051355,0.0005273437499999992
D01_structure_flow,diffusionedge_baseline_50k,f1_loss,6,qiangzhuang.17,-0.02521865505250709,3.9336295127868652,1.0831836462020874,2.477123975753784,1.5989854481243102,1.0189467722955363,-0.02521865505250709,0.05502189873685548,-8.197313303481153,-0.00010742187499999988
D01_structure_flow,diffusionedge_baseline_50k,f1_loss,7,weixiaoyuanjia.21,-0.02286794235766587,5.256536483764648,1.1518065929412842,1.461484432220459,2.339863155681437,1.0961099377467654,-0.02286794235766587,0.04232742537313433,16.666666666666668,5.859375000000005e-05
D01_structure_flow,diffusionedge_baseline_50k,f1_loss,8,lianzhuangluojia.12,-0.021770409601991503,2.0714030265808105,1.7078027725219727,0.5481298565864563,1.0429660891508008,0.9346620296025093,-0.021770409601991503,0.04036894877017076,2.785013023442197,0.00028320312500000003
D01_structure_flow,diffusionedge_baseline_50k,f1_loss,9,jianci.4,-0.019316912497002403,2.0712532997131348,0.8033788800239563,1.5973047018051147,1.936628572405696,0.9946147163909373,-0.019316912497002403,0.02280015924712564,-3.269798449955222,0.00011718749999999924
D01_structure_flow,diffusionedge_baseline_50k,f1_loss,10,qiangzhuang.21,-0.01889051381285667,2.9686458110809326,1.189052700996399,1.6838476657867432,1.4469437332671755,1.0077205047076057,-0.01889051381285667,0.03229229836264402,0.0,-2.9296875000000243e-05
D01_structure_flow,diffusionedge_baseline_50k,false_edge_increase,1,duowenqigou.4,0.08502736389231597,3.6998307704925537,3.2505273818969727,1.1487548351287842,1.0062397522957878,0.9912868302540081,-0.030858507729621065,0.08502736389231597,10.238024257449046,0.0015234374999999996
D01_structure_flow,diffusionedge_baseline_50k,false_edge_increase,2,limayuanjia.18,0.06417867764813544,1.9619433879852295,1.5649511814117432,0.6795263886451721,1.1164437311400872,0.9699639163528625,-0.0357232173654044,0.06417867764813544,-5.11807033546164,0.0004199218749999997
D01_structure_flow,diffusionedge_baseline_50k,false_edge_increase,3,chazhuang.6,0.05739197820886727,1.5881282091140747,1.4797558784484863,0.01650390587747097,1.132513810349778,0.9732867971425825,-0.03308743036511752,0.05739197820886727,9.48522707945899,0.001220703125
D01_structure_flow,diffusionedge_baseline_50k,false_edge_increase,4,qiangzhuang.17,0.05502189873685548,3.9336295127868652,1.0831836462020874,2.477123975753784,1.5989854481243102,1.0189467722955363,-0.02521865505250709,0.05502189873685548,-8.197313303481153,-0.00010742187499999988
D01_structure_flow,diffusionedge_baseline_50k,false_edge_increase,5,weixiaoyuanjia.21,0.04232742537313433,5.256536483764648,1.1518065929412842,1.461484432220459,2.339863155681437,1.0961099377467654,-0.02286794235766587,0.04232742537313433,16.666666666666668,5.859375000000005e-05
D01_structure_flow,diffusionedge_baseline_50k,false_edge_increase,6,lianzhuangluojia.12,0.04036894877017076,2.0714030265808105,1.7078027725219727,0.5481298565864563,1.0429660891508008,0.9346620296025093,-0.021770409601991503,0.04036894877017076,2.785013023442197,0.00028320312500000003
D01_structure_flow,diffusionedge_baseline_50k,false_edge_increase,7,chazhuang.4,0.03904996102010899,2.1629199981689453,0.9464355707168579,1.6207373142242432,1.515567746433044,1.0200673115149306,-0.01176658901015637,0.03904996102010899,6.504107857594271,0.0008593750000000008
D01_structure_flow,diffusionedge_baseline_50k,false_edge_increase,8,tama.10,0.03637566137566137,4.918877124786377,1.8222362995147705,1.5813769102096558,1.434751432150864,0.9708658345551823,-0.029579757446865695,0.03637566137566137,-4.566210045662101,-0.00013671875000000012
D01_structure_flow,diffusionedge_baseline_50k,false_edge_increase,9,lianzhuangluojia.11,0.03419917353041615,1.3532259464263916,1.1584277153015137,0.39570313692092896,1.874853280726535,0.9619302332210407,-0.016291353821713428,0.03419917353041615,2.656537067381697,0.0001171875000000001
D01_structure_flow,diffusionedge_baseline_50k,false_edge_increase,10,qiangzhuang.21,0.03229229836264402,2.9686458110809326,1.189052700996399,1.6838476657867432,1.4469437332671755,1.0077205047076057,-0.01889051381285667,0.03229229836264402,0.0,-2.9296875000000243e-05
D01_structure_flow,diffusionedge_baseline_50k,endpoint_increase,1,weixiaoyuanjia.21,16.666666666666668,5.256536483764648,1.1518065929412842,1.461484432220459,2.339863155681437,1.0961099377467654,-0.02286794235766587,0.04232742537313433,16.666666666666668,5.859375000000005e-05
D01_structure_flow,diffusionedge_baseline_50k,endpoint_increase,2,haiyangyuanjia.6,14.259294285774331,1.8210351467132568,1.3567675352096558,0.8522363305091858,1.0147234212922667,0.9919754089937829,-0.001847469341331398,0.00040674152441533273,14.259294285774331,0.0001953124999999993
D01_structure_flow,diffusionedge_baseline_50k,endpoint_increase,3,shikelipu.5,12.917329093799683,2.016494035720825,1.72119140625,0.5517138838768005,0.9766116283251465,0.8619870469899136,0.0010163978858923617,-0.0019470404984423678,12.917329093799683,-8.789062499999986e-05
D01_structure_flow,diffusionedge_baseline_50k,endpoint_increase,4,chichaoyiwan.4,12.345679012345679,2.941497325897217,1.174130916595459,1.9200830459594727,1.3659429061697612,1.033583488306966,-0.002060153794586461,0.006289308176100629,12.345679012345679,9.765625000000009e-06
D01_structure_flow,diffusionedge_baseline_50k,endpoint_increase,5,xuehong.14,11.688311688311689,1.9047493934631348,1.6309765577316284,0.506274402141571,1.0580295740902854,0.9561674411883104,-0.007548554219872883,0.018544793269518994,11.688311688311689,0.0003710937499999999
D01_structure_flow,diffusionedge_baseline_50k,endpoint_increase,6,paige.4,11.608442948914046,2.4233365058898926,1.4510546922683716,1.255312442779541,1.2418982602844415,0.9847050237612194,0.003058371044046382,0.00882607401903368,11.608442948914046,0.0011523437499999997
D01_structure_flow,diffusionedge_baseline_50k,endpoint_increase,7,duowenqigou.4,10.238024257449046,3.6998307704925537,3.2505273818969727,1.1487548351287842,1.0062397522957878,0.9912868302540081,-0.030858507729621065,0.08502736389231597,10.238024257449046,0.0015234374999999996
D01_structure_flow,diffusionedge_baseline_50k,endpoint_increase,8,haiyangkadun.9,9.770272493009486,3.2213053703308105,1.3526171445846558,2.0649073123931885,1.1347923083565197,0.9868396791101111,-0.005249186735744704,0.02152371367154981,9.770272493009486,0.00022460937500000042
D01_structure_flow,diffusionedge_baseline_50k,endpoint_increase,9,duolie.6,9.722222222222221,2.5731217861175537,2.171767473220825,0.6630566120147705,0.9326129188131672,0.8672153565470553,-0.013578224032369857,0.00688068052119873,9.722222222222221,-1.9531249999999584e-05
D01_structure_flow,diffusionedge_baseline_50k,endpoint_increase,10,chazhuang.6,9.48522707945899,1.5881282091140747,1.4797558784484863,0.01650390587747097,1.132513810349778,0.9732867971425825,-0.03308743036511752,0.05739197820886727,9.48522707945899,0.001220703125
D01_structure_flow,diffusionedge_baseline_50k,pred_density_increase,1,hailianzao.6,0.003408203124999995,3.1617610454559326,2.437509775161743,1.264345645904541,1.0574717991163514,1.0164015084894578,0.0010783580931099657,0.006418174763425238,-4.132148054230839,0.003408203124999995
D01_structure_flow,diffusionedge_baseline_50k,pred_density_increase,2,jiaomaozao.28,0.002705078124999996,3.3386881351470947,2.3273143768310547,1.473535180091858,1.0331603898204937,1.0039287649549071,-0.0012861572229004858,0.008170426957410382,1.1674826963265517,0.002705078124999996
D01_structure_flow,diffusionedge_baseline_50k,pred_density_increase,3,hailianzao.10,0.002480468749999999,3.56191086769104,2.267519474029541,1.8459081649780273,1.0796609450164485,0.991831467807702,0.011062922806703845,0.005705110602593433,3.4026293892494586,0.002480468749999999
D01_structure_flow,diffusionedge_baseline_50k,pred_density_increase,4,jiaomaozao.19,0.0020800781249999956,3.951500654220581,2.809628963470459,1.8380224704742432,0.971497625213753,0.9971476948488476,0.01097925067451222,-0.005816176450497645,-0.7705761316872426,0.0020800781249999956
D01_structure_flow,diffusionedge_baseline_50k,pred_density_increase,5,hailianzao.8,0.001699218750000002,3.469492197036743,2.1585352420806885,1.8949121236801147,1.0268927815629296,0.9918835904235289,-0.014000234764665831,0.02263155229308239,0.6937238741810177,0.001699218750000002
D01_structure_flow,diffusionedge_baseline_50k,pred_density_increase,6,jiaomaozao.13,0.0016503906249999978,3.5006771087646484,2.990664005279541,1.174770474433899,0.9972672770782731,0.9828093864136419,-0.003587117399091011,0.012815431650343462,0.138491551189869,0.0016503906249999978
D01_structure_flow,diffusionedge_baseline_50k,pred_density_increase,7,jiaomaozao.26,0.0015722656249999994,3.498342990875244,2.511601448059082,1.6489746570587158,1.0314341525684105,0.9703613494535,-0.004420468889585472,0.017663580247785193,0.4314730034154479,0.0015722656249999994
D01_structure_flow,diffusionedge_baseline_50k,pred_density_increase,8,duowenqigou.4,0.0015234374999999996,3.6998307704925537,3.2505273818969727,1.1487548351287842,1.0062397522957878,0.9912868302540081,-0.030858507729621065,0.08502736389231597,10.238024257449046,0.0015234374999999996
D01_structure_flow,diffusionedge_baseline_50k,pred_density_increase,9,jiaomaozao.18,0.0014160156249999958,2.8496906757354736,1.9735645055770874,1.3718115091323853,1.034052983373907,1.0042848401892077,-0.007159516472929783,0.011161046944620556,-4.894520100997333,0.0014160156249999958
D01_structure_flow,diffusionedge_baseline_50k,pred_density_increase,10,yuanjiazao.6,0.0014062499999999995,2.4661848545074463,1.5865625143051147,1.511938452720642,1.0158169097958587,1.0019407205919437,-0.0066728085909091295,0.02469331797182761,-7.316053877211296,0.0014062499999999995
D01_structure_flow,msfi_50k,f1_loss,1,hailianzao.8,-0.04119330115497777,3.469492197036743,2.1585352420806885,1.8949121236801147,1.0268927815629296,0.9918835904235289,-0.04119330115497777,-0.001423510910174397,0.06364022061943331,-0.012138671874999996
D01_structure_flow,msfi_50k,f1_loss,2,jiaomaozao.29,-0.037890851147727944,1.9129524230957031,1.782871127128601,1.2260693311691284,1.1114405401902985,1.0024993047048332,-0.037890851147727944,-0.010451868971409595,1.1674970321832845,-0.0038574218749999993
D01_structure_flow,msfi_50k,f1_loss,3,hailianzao.10,-0.0343614096994459,3.56191086769104,2.267519474029541,1.8459081649780273,1.0796609450164485,0.991831467807702,-0.0343614096994459,0.005898072488134315,-3.7409450978494103,-0.00587890625
D01_structure_flow,msfi_50k,f1_loss,4,shikelipu.4,-0.03189907383529289,1.631090521812439,1.4130761623382568,0.5265088081359863,1.0567437494021643,0.9789598353811664,-0.03189907383529289,0.010975609756097543,0.0,-0.0006835937499999997
D01_structure_flow,msfi_50k,f1_loss,5,xinyue.4,-0.02505498843177001,2.2735416889190674,1.256650447845459,1.2989404201507568,1.3237252431971316,1.0136586704170838,-0.02505498843177001,-0.011860280318528413,-2.873389389631601,-0.0014453125000000004
D01_structure_flow,msfi_50k,f1_loss,6,chichaoyiwan.7,-0.022295226483729058,1.2824381589889526,0.9269921779632568,0.29808592796325684,1.618055067650524,0.9982733310779379,-0.022295226483729058,-0.01678743961352657,0.0,-0.0004003906249999999
D01_structure_flow,msfi_50k,f1_loss,7,limayuanjia.16,-0.02142296125714971,2.0919172763824463,1.4296386241912842,0.8076757788658142,1.1236173552809827,0.976837949567023,-0.02142296125714971,-0.004807692307692308,0.0,-0.0006445312500000001
D01_structure_flow,msfi_50k,f1_loss,8,lianzhuangluojia.14,-0.018176680086354313,2.260725975036621,1.8987890481948853,0.9359814524650574,1.0123244832285705,0.9927489939144852,-0.018176680086354313,-0.0050119329116194156,-5.285038403277791,-0.00220703125
D01_structure_flow,msfi_50k,f1_loss,9,tiaowenhuangou.5,-0.01634230046297669,3.5179686546325684,3.2115721702575684,0.8396191596984863,0.9744290255327636,0.95329703263612,-0.01634230046297669,-0.004598882563778203,7.907829274679236,-0.0009277343749999993
D01_structure_flow,msfi_50k,f1_loss,10,lianzhuangluojia.13,-0.016252743001491154,2.367835283279419,2.0115039348602295,0.9578759670257568,0.9960252580258028,0.9833631131617468,-0.016252743001491154,0.00756033868050604,-5.630956361027321,-0.0016015625000000006
D01_structure_flow,msfi_50k,false_edge_increase,1,shikelipu.4,0.010975609756097543,1.631090521812439,1.4130761623382568,0.5265088081359863,1.0567437494021643,0.9789598353811664,-0.03189907383529289,0.010975609756097543,0.0,-0.0006835937499999997
D01_structure_flow,msfi_50k,false_edge_increase,2,lianzhuangluojia.13,0.00756033868050604,2.367835283279419,2.0115039348602295,0.9578759670257568,0.9960252580258028,0.9833631131617468,-0.016252743001491154,0.00756033868050604,-5.630956361027321,-0.0016015625000000006
D01_structure_flow,msfi_50k,false_edge_increase,3,haiyangkadun.20,0.0070799138160602335,2.5373470783233643,1.641171932220459,1.0774316787719727,1.0736651821042977,0.9806153731608067,-0.008058077015761778,0.0070799138160602335,-4.777070063694268,-0.001337890625000001
D01_structure_flow,msfi_50k,false_edge_increase,4,hailianzao.10,0.005898072488134315,3.56191086769104,2.267519474029541,1.8459081649780273,1.0796609450164485,0.991831467807702,-0.0343614096994459,0.005898072488134315,-3.7409450978494103,-0.00587890625
D01_structure_flow,msfi_50k,false_edge_increase,5,lingxinghaixian.5,0.0031154263007381056,2.355654239654541,0.9217480421066284,1.6284228563308716,1.716607811543983,1.0922592288045587,-0.006175869234026576,0.0031154263007381056,-13.701392364075241,-0.002880859375000001
D01_structure_flow,msfi_50k,false_edge_increase,6,weixiaoyuanjia.20,0.00282545550567731,2.970240831375122,1.3945410251617432,1.7963037490844727,1.1947471563053351,0.9888290424357495,-0.005651376185576318,0.00282545550567731,-3.0211480362537766,-0.0008691406249999997
D01_structure_flow,msfi_50k,false_edge_increase,7,qiangzhuang.14,0.0024890002248129234,3.10610032081604,1.2038671970367432,1.6008496284484863,1.196225276504058,1.000411168771884,-0.0038400122740118725,0.0024890002248129234,5.582010582010582,-0.0006542968749999999
D01_structure_flow,msfi_50k,false_edge_increase,8,haiyangyuanjia.7,0.0024603174603174544,1.6037890911102295,1.5322948694229126,0.4092040956020355,1.0761896444631722,0.9870623601154467,-0.0046446472384116255,0.0024603174603174544,-11.82033096926714,-0.0016601562500000002
D01_structure_flow,msfi_50k,false_edge_increase,9,xinyue.5,0.0020390824129141866,2.194495439529419,1.7722461223602295,0.6209277510643005,0.9232162574917775,0.73546434131814,-0.0010850969138592736,0.0020390824129141866,3.0092592592592595,-0.001220703125
D01_structure_flow,msfi_50k,false_edge_increase,10,donghaiyuanjia.19,0.0015479876160990683,3.311093807220459,1.6114550828933716,1.6303759813308716,1.2328604109345185,1.005209787219389,-0.005812591801438005,0.0015479876160990683,0.0,-0.0005566406249999998
D01_structure_flow,msfi_50k,endpoint_increase,1,shikelipu.5,10.110908200080178,2.016494035720825,1.72119140625,0.5517138838768005,0.9766116283251465,0.8619870469899136,0.062086189489345966,-0.10631870131760937,10.110908200080178,-0.0009863281249999998
D01_structure_flow,msfi_50k,endpoint_increase,2,haiyangkadun.13,9.655475093263112,1.3090656995773315,1.117587924003601,0.35457029938697815,1.571237905777369,0.9991807141447238,0.0009060433088701192,-0.0017241379310344862,9.655475093263112,-0.0003417968750000001
D01_structure_flow,msfi_50k,endpoint_increase,3,jianci.4,9.197283564588625,2.0712532997131348,0.8033788800239563,1.5973047018051147,1.936628572405696,0.9946147163909373,0.004316836604087881,-0.020094064202985623,9.197283564588625,-0.0025097656249999985
D01_structure_flow,msfi_50k,endpoint_increase,4,tiaowenhuangou.5,7.907829274679236,3.5179686546325684,3.2115721702575684,0.8396191596984863,0.9744290255327636,0.95329703263612,-0.01634230046297669,-0.004598882563778203,7.907829274679236,-0.0009277343749999993
D01_structure_flow,msfi_50k,endpoint_increase,5,qiangzhuang.14,5.582010582010582,3.10610032081604,1.2038671970367432,1.6008496284484863,1.196225276504058,1.000411168771884,-0.0038400122740118725,0.0024890002248129234,5.582010582010582,-0.0006542968749999999
D01_structure_flow,msfi_50k,endpoint_increase,6,donghaiyuanjia.16,5.2356020942408374,5.538743495941162,1.2404491901397705,1.513486385345459,1.6645260645568434,0.9566853527329061,0.0016643676201938407,-0.003389830508474576,5.2356020942408374,-0.0005175781250000002
D01_structure_flow,msfi_50k,endpoint_increase,7,paige.5,5.189100046559734,2.324934959411621,0.9486425518989563,1.5768554210662842,1.7250361655794595,1.096655172316541,0.0026485429320884935,-0.02006281794149606,5.189100046559734,-0.0044140625
D01_structure_flow,msfi_50k,endpoint_increase,8,qiangzhuang.13,5.1020408163265305,3.171682834625244,1.2868847846984863,1.6217724084854126,1.109819366463454,1.0041869693762433,0.017322350772794648,-0.03241141574474908,5.1020408163265305,-0.0009472656249999998
D01_structure_flow,msfi_50k,endpoint_increase,9,qiangzhuang.15,4.545454545454546,3.267932891845703,1.4603320360183716,1.6020996570587158,0.995951225593042,0.9091171536614867,0.009502306861686405,-0.017109728506787325,4.545454545454546,-0.0008789062499999999
D01_structure_flow,msfi_50k,endpoint_increase,10,qiangzhuang.26,4.524886877828054,3.002838611602783,1.2129687070846558,1.7108983993530273,1.301231964114486,1.0006882645045727,0.0015517609357136308,-0.0031335898845519516,4.524886877828054,-0.0008593750000000003
D01_structure_flow,msfi_50k,pred_density_increase,1,weixiaoyuanjia.22,-0.0002539062499999999,5.125322341918945,1.0575097799301147,1.5067334175109863,2.464198669861674,1.0133404033206428,0.004405286343612369,-0.008771929824561403,0.0,-0.0002539062499999999
D01_structure_flow,msfi_50k,pred_density_increase,2,tama.11,-0.00025390625,0.73245769739151,0.6039257645606995,0.20527343451976776,3.75162446167216,1.0126040424995575,0.003095975232198178,-0.006172839506172839,0.0,-0.00025390625
D01_structure_flow,msfi_50k,pred_density_increase,3,chichaoyiwan.4,-0.00028320312500000003,2.941497325897217,1.174130916595459,1.9200830459594727,1.3659429061697612,1.033583488306966,0.0,0.0,0.0,-0.00028320312500000003
D01_structure_flow,msfi_50k,pred_density_increase,4,weixiaoyuanjia.21,-0.00031249999999999995,5.256536483764648,1.1518065929412842,1.461484432220459,2.339863155681437,1.0961099377467654,0.025423728813559365,-0.049586776859504134,0.0,-0.00031249999999999995
D01_structure_flow,msfi_50k,pred_density_increase,5,qiuxing.4,-0.00031250000000000006,1.9270117282867432,1.3737109899520874,0.8253710865974426,1.1260061492607183,0.9856588241942013,0.0,0.0,0.0,-0.00031250000000000006
D01_structure_flow,msfi_50k,pred_density_increase,6,tama.14,-0.0003320312500000001,0.7461816668510437,0.61279296875,0.22545897960662842,3.855332927606744,1.0097219893792109,0.0,0.0,0.0,-0.0003320312500000001
D01_structure_flow,msfi_50k,pred_density_increase,7,chichaoyiwan.1,-0.0003417968750000001,2.9878060817718506,1.175634741783142,1.9201709032058716,1.325024202102697,1.0069645093699207,-0.006882555283375225,-0.005747126436781609,0.0,-0.0003417968750000001
D01_structure_flow,msfi_50k,pred_density_increase,8,haiyangkadun.13,-0.0003417968750000001,1.3090656995773315,1.117587924003601,0.35457029938697815,1.571237905777369,0.9991807141447238,0.0009060433088701192,-0.0017241379310344862,9.655475093263112,-0.0003417968750000001
D01_structure_flow,msfi_50k,pred_density_increase,9,chichaoyiwan.2,-0.0003515624999999999,3.0363378524780273,1.2804882526397705,1.9141699075698853,1.4780260240144136,1.0423295941387563,0.0,0.0,0.0,-0.0003515624999999999
D01_structure_flow,msfi_50k,pred_density_increase,10,qiuxing.3,-0.0003710937499999999,1.6708952188491821,0.9144238233566284,0.7628759741783142,0.9224772684832967,0.9859027657187874,0.0034241883659053007,-0.008403361344537815,0.0,-0.0003710937499999999
FF01_full_flow_v8,diffusionedge_baseline_50k,f1_loss,1,weixiaoyuanjia.21,-0.4432583697524386,27.498783111572266,12.542001724243164,13.379286766052246,1.913685255766522,1.55931581295328,-0.4432583697524386,0.5837964650145773,73.29842931937172,0.0020996093750000003
FF01_full_flow_v8,diffusionedge_baseline_50k,f1_loss,2,weixiaoyuanjia.26,-0.4088444710681761,22.860116958618164,7.39206075668335,11.286201477050781,1.1159436972086711,1.198878061240957,-0.4088444710681761,0.5756779841981636,25.751072961373392,0.0023046875
FF01_full_flow_v8,diffusionedge_baseline_50k,f1_loss,3,weixiaoyuanjia.23,-0.3840027950126893,22.983564376831055,8.454668045043945,10.983124732971191,1.164354796567267,1.3256024216982525,-0.3840027950126893,0.5464031195374479,12.76595744680851,0.0021191406249999995
FF01_full_flow_v8,diffusionedge_baseline_50k,f1_loss,4,xuehong.13,-0.3678845093872909,5.387558460235596,1.2304296493530273,2.879653215408325,1.0299893643720937,1.024154655510194,-0.3678845093872909,0.5729033513032846,1.6544986606439416,0.004794921875000001
FF01_full_flow_v8,diffusionedge_baseline_50k,f1_loss,5,donghaiyuanjia.26,-0.3535432387891403,22.585758209228516,7.474755764007568,10.827783584594727,1.0770588121922466,1.2199542229590061,-0.3535432387891403,0.5176238182587837,14.285714285714286,0.001787109375
FF01_full_flow_v8,diffusionedge_baseline_50k,f1_loss,6,xuehong.11,-0.34323572591655893,5.424173355102539,1.2650976181030273,2.891494035720825,1.0279958841577554,1.020657130810586,-0.34323572591655893,0.4029916667969544,24.399804017638413,0.0009570312500000004
FF01_full_flow_v8,diffusionedge_baseline_50k,f1_loss,7,xuehong.9,-0.31346017482164706,5.426601409912109,1.259677767753601,2.8881592750549316,1.0274677223910822,1.0210275493611736,-0.31346017482164706,0.5675991153342071,22.132796780684103,0.0044921875000000005
FF01_full_flow_v8,diffusionedge_baseline_50k,f1_loss,8,weixiaoyuanjia.24,-0.28285272370756764,22.61280632019043,7.551064491271973,11.0545015335083,1.1756719993086184,1.3132767771885059,-0.28285272370756764,0.46077580200863905,14.387031408308006,0.0017968750000000003
FF01_full_flow_v8,diffusionedge_baseline_50k,f1_loss,9,donghaiyuanjia.18,-0.2822828855328765,22.315156936645508,9.725439071655273,7.494106292724609,1.42804935888386,1.2784845015005752,-0.2822828855328765,0.4351880015263545,3.1645569620253164,0.00275390625
FF01_full_flow_v8,diffusionedge_baseline_50k,f1_loss,10,rouruo.4,-0.2473769575618171,6.184235095977783,1.0342479944229126,3.3998193740844727,1.0561012365206426,1.0617632635654062,-0.2473769575618171,0.16249740070700772,27.808043555222536,-0.005693359375000002
FF01_full_flow_v8,diffusionedge_baseline_50k,false_edge_increase,1,weixiaoyuanjia.21,0.5837964650145773,27.498783111572266,12.542001724243164,13.379286766052246,1.913685255766522,1.55931581295328,-0.4432583697524386,0.5837964650145773,73.29842931937172,0.0020996093750000003
FF01_full_flow_v8,diffusionedge_baseline_50k,false_edge_increase,2,weixiaoyuanjia.26,0.5756779841981636,22.860116958618164,7.39206075668335,11.286201477050781,1.1159436972086711,1.198878061240957,-0.4088444710681761,0.5756779841981636,25.751072961373392,0.0023046875
FF01_full_flow_v8,diffusionedge_baseline_50k,false_edge_increase,3,xuehong.13,0.5729033513032846,5.387558460235596,1.2304296493530273,2.879653215408325,1.0299893643720937,1.024154655510194,-0.3678845093872909,0.5729033513032846,1.6544986606439416,0.004794921875000001
FF01_full_flow_v8,diffusionedge_baseline_50k,false_edge_increase,4,xuehong.9,0.5675991153342071,5.426601409912109,1.259677767753601,2.8881592750549316,1.0274677223910822,1.0210275493611736,-0.31346017482164706,0.5675991153342071,22.132796780684103,0.0044921875000000005
FF01_full_flow_v8,diffusionedge_baseline_50k,false_edge_increase,5,weixiaoyuanjia.23,0.5464031195374479,22.983564376831055,8.454668045043945,10.983124732971191,1.164354796567267,1.3256024216982525,-0.3840027950126893,0.5464031195374479,12.76595744680851,0.0021191406249999995
FF01_full_flow_v8,diffusionedge_baseline_50k,false_edge_increase,6,donghaiyuanjia.26,0.5176238182587837,22.585758209228516,7.474755764007568,10.827783584594727,1.0770588121922466,1.2199542229590061,-0.3535432387891403,0.5176238182587837,14.285714285714286,0.001787109375
FF01_full_flow_v8,diffusionedge_baseline_50k,false_edge_increase,7,weixiaoyuanjia.24,0.46077580200863905,22.61280632019043,7.551064491271973,11.0545015335083,1.1756719993086184,1.3132767771885059,-0.28285272370756764,0.46077580200863905,14.387031408308006,0.0017968750000000003
FF01_full_flow_v8,diffusionedge_baseline_50k,false_edge_increase,8,donghaiyuanjia.18,0.4351880015263545,22.315156936645508,9.725439071655273,7.494106292724609,1.42804935888386,1.2784845015005752,-0.2822828855328765,0.4351880015263545,3.1645569620253164,0.00275390625
FF01_full_flow_v8,diffusionedge_baseline_50k,false_edge_increase,9,xuehong.11,0.4029916667969544,5.424173355102539,1.2650976181030273,2.891494035720825,1.0279958841577554,1.020657130810586,-0.34323572591655893,0.4029916667969544,24.399804017638413,0.0009570312500000004
FF01_full_flow_v8,diffusionedge_baseline_50k,false_edge_increase,10,lianzhuangluojia.12,0.36932277099770994,7.353668689727783,1.5698437690734863,3.779716730117798,1.047540042779057,1.0527685293376268,-0.23927913234977427,0.36932277099770994,-3.0343849698688388,0.0014843749999999996
FF01_full_flow_v8,diffusionedge_baseline_50k,endpoint_increase,1,weixiaoyuanjia.21,73.29842931937172,27.498783111572266,12.542001724243164,13.379286766052246,1.913685255766522,1.55931581295328,-0.4432583697524386,0.5837964650145773,73.29842931937172,0.0020996093750000003
FF01_full_flow_v8,diffusionedge_baseline_50k,endpoint_increase,2,weixiaoyuanjia.22,45.09545753785385,43.86824035644531,28.85832977294922,20.43877410888672,0.984682999734981,0.8988642019041563,-0.11070950842899563,0.03186457555389594,45.09545753785385,-0.000244140625
FF01_full_flow_v8,diffusionedge_baseline_50k,endpoint_increase,3,rouruo.4,27.808043555222536,6.184235095977783,1.0342479944229126,3.3998193740844727,1.0561012365206426,1.0617632635654062,-0.2473769575618171,0.16249740070700772,27.808043555222536,-0.005693359375000002
FF01_full_flow_v8,diffusionedge_baseline_50k,endpoint_increase,4,chichaoyiwan.2,26.666666666666668,12.68359375,1.0702344179153442,8.513593673706055,1.0622601518700754,1.2504345162058625,-0.12098738952227217,0.3490566037735849,26.666666666666668,0.0012011718750000002
FF01_full_flow_v8,diffusionedge_baseline_50k,endpoint_increase,5,weixiaoyuanjia.26,25.751072961373392,22.860116958618164,7.39206075668335,11.286201477050781,1.1159436972086711,1.198878061240957,-0.4088444710681761,0.5756779841981636,25.751072961373392,0.0023046875
FF01_full_flow_v8,diffusionedge_baseline_50k,endpoint_increase,6,tama.12,24.793388429752067,22.978652954101562,7.331943511962891,11.5773344039917,1.0707207245513517,1.1520259679084721,-0.14695226125217364,0.23697493436679587,24.793388429752067,0.001142578125
FF01_full_flow_v8,diffusionedge_baseline_50k,endpoint_increase,7,xuehong.11,24.399804017638413,5.424173355102539,1.2650976181030273,2.891494035720825,1.0279958841577554,1.020657130810586,-0.34323572591655893,0.4029916667969544,24.399804017638413,0.0009570312500000004
FF01_full_flow_v8,diffusionedge_baseline_50k,endpoint_increase,8,xuehong.14,23.886240341936542,5.497718334197998,1.3119043111801147,2.9099903106689453,1.028399575701204,1.0263594709071315,-0.2116726539437157,0.2975081843467702,23.886240341936542,0.0017578125000000007
FF01_full_flow_v8,diffusionedge_baseline_50k,endpoint_increase,9,xuehong.9,22.132796780684103,5.426601409912109,1.259677767753601,2.8881592750549316,1.0274677223910822,1.0210275493611736,-0.31346017482164706,0.5675991153342071,22.132796780684103,0.0044921875000000005
FF01_full_flow_v8,diffusionedge_baseline_50k,endpoint_increase,10,sanjiaoji.10,20.92050209205021,6.818323612213135,1.0107519626617432,4.517207145690918,1.013352785908611,1.031546028358916,-0.15173550745589193,0.25187760923967073,20.92050209205021,0.0022265625000000002
FF01_full_flow_v8,diffusionedge_baseline_50k,pred_density_increase,1,xuehong.13,0.004794921875000001,5.387558460235596,1.2304296493530273,2.879653215408325,1.0299893643720937,1.024154655510194,-0.3678845093872909,0.5729033513032846,1.6544986606439416,0.004794921875000001
FF01_full_flow_v8,diffusionedge_baseline_50k,pred_density_increase,2,mishikailun.8,0.004755859374999999,3.121858835220337,0.9646191596984863,1.7564746141433716,1.00083615979257,1.0051460393317677,-0.13134889941035055,0.24927402548597585,1.1095845600261693,0.004755859374999999
FF01_full_flow_v8,diffusionedge_baseline_50k,pred_density_increase,3,xuehong.9,0.0044921875000000005,5.426601409912109,1.259677767753601,2.8881592750549316,1.0274677223910822,1.0210275493611736,-0.31346017482164706,0.5675991153342071,22.132796780684103,0.0044921875000000005
FF01_full_flow_v8,diffusionedge_baseline_50k,pred_density_increase,4,paige.4,0.004326171875,1.1424120664596558,1.028720736503601,0.17646484076976776,1.0436981564367738,1.0285726438674638,-0.02967890179244692,0.13759655804522067,4.630288166768857,0.004326171875
FF01_full_flow_v8,diffusionedge_baseline_50k,pred_density_increase,5,ribenxing.4,0.004189453125000001,6.848750114440918,1.0525293350219727,3.520761728286743,1.0747270909793043,1.1098323709894629,-0.19902719525559276,0.2548593140912882,-0.8059805852884452,0.004189453125000001
FF01_full_flow_v8,diffusionedge_baseline_50k,pred_density_increase,6,jianci.6,0.003662109375,0.9417577981948853,0.9724218845367432,0.1252734363079071,1.0143356384666657,1.0138205901534063,-0.06888306392764809,0.07653852501452563,-2.7928242086093995,0.003662109375
FF01_full_flow_v8,diffusionedge_baseline_50k,pred_density_increase,7,weiruan.8,0.0032714843749999997,8.985218048095703,1.2089648246765137,4.599897384643555,1.0143532716754122,1.0313387395537272,-0.19323040969738348,0.3191364277703411,-3.053843138652317,0.0032714843749999997
FF01_full_flow_v8,diffusionedge_baseline_50k,pred_density_increase,8,weiruan.7,0.0032324218750000005,8.104121208190918,1.1055761575698853,4.168637752532959,1.0107915165422714,1.0242662548733195,-0.18464205569956071,0.2519074294298054,10.048922851342208,0.0032324218750000005
FF01_full_flow_v8,diffusionedge_baseline_50k,pred_density_increase,9,suojiao.6,0.0031445312500000006,10.3036527633667,0.3276953101158142,10.45150375366211,1.0516862704012686,1.0834330528747445,-0.12216669323524376,0.18442797019189927,-1.1245505067015351,0.0031445312500000006
FF01_full_flow_v8,diffusionedge_baseline_50k,pred_density_increase,10,mashi.2,0.003095703125,7.337724685668945,1.0320215225219727,4.147968769073486,1.0088457677580984,1.0189865126999444,-0.11526997796780591,0.214811222647894,16.293786436793063,0.003095703125
FF01_full_flow_v8,msfi_50k,f1_loss,1,weixiaoyuanjia.26,-0.4454988632561717,22.860116958618164,7.39206075668335,11.286201477050781,1.1159436972086711,1.198878061240957,-0.4454988632561717,0.6071270193221413,29.41176470588235,0.0025097656250000003
FF01_full_flow_v8,msfi_50k,f1_loss,2,donghaiyuanjia.26,-0.36206202836192236,22.585758209228516,7.474755764007568,10.827783584594727,1.0770588121922466,1.2199542229590061,-0.36206202836192236,0.5222123526973411,8.583690987124463,0.00232421875
FF01_full_flow_v8,msfi_50k,f1_loss,3,xuehong.11,-0.3438009586337607,5.424173355102539,1.2650976181030273,2.891494035720825,1.0279958841577554,1.020657130810586,-0.3438009586337607,0.5513881011992863,4.5820942976304035,0.0036425781250000004
FF01_full_flow_v8,msfi_50k,f1_loss,4,xuehong.13,-0.33791245121451163,5.387558460235596,1.2304296493530273,2.879653215408325,1.0299893643720937,1.024154655510194,-0.33791245121451163,0.5629499597713761,-4.136768965713095,0.0042578125
FF01_full_flow_v8,msfi_50k,f1_loss,5,xuehong.9,-0.31789677572808295,5.426601409912109,1.259677767753601,2.8881592750549316,1.0274677223910822,1.0210275493611736,-0.31789677572808295,0.5858913504866854,21.73913043478261,0.005302734375000001
FF01_full_flow_v8,msfi_50k,f1_loss,6,weixiaoyuanjia.23,-0.3145781538506274,22.983564376831055,8.454668045043945,10.983124732971191,1.164354796567267,1.3256024216982525,-0.3145781538506274,0.44025067654180317,11.330049261083744,0.001708984375
FF01_full_flow_v8,msfi_50k,f1_loss,7,weixiaoyuanjia.24,-0.3004615844013886,22.61280632019043,7.551064491271973,11.0545015335083,1.1756719993086184,1.3132767771885059,-0.3004615844013886,0.4681199596774194,9.049091320413243,0.00234375
FF01_full_flow_v8,msfi_50k,f1_loss,8,sanjiaoji.10,-0.21366563123616233,6.818323612213135,1.0107519626617432,4.517207145690918,1.013352785908611,1.031546028358916,-0.21366563123616233,0.33802804111728596,10.429823231897968,0.0037304687499999994
FF01_full_flow_v8,msfi_50k,f1_loss,9,ribenxing.4,-0.18712918368519704,6.848750114440918,1.0525293350219727,3.520761728286743,1.0747270909793043,1.1098323709894629,-0.18712918368519704,0.2606276631755639,4.7406501869251905,0.010947265625
FF01_full_flow_v8,msfi_50k,f1_loss,10,shikelipu.5,-0.18048780487804883,7.472548961639404,1.5004589557647705,3.7752490043640137,1.0376124860946783,1.0768237243787238,-0.18048780487804883,0.25107580271433305,-3.1586091677978487,0.0013183593749999997
FF01_full_flow_v8,msfi_50k,false_edge_increase,1,weixiaoyuanjia.26,0.6071270193221413,22.860116958618164,7.39206075668335,11.286201477050781,1.1159436972086711,1.198878061240957,-0.4454988632561717,0.6071270193221413,29.41176470588235,0.0025097656250000003
FF01_full_flow_v8,msfi_50k,false_edge_increase,2,xuehong.9,0.5858913504866854,5.426601409912109,1.259677767753601,2.8881592750549316,1.0274677223910822,1.0210275493611736,-0.31789677572808295,0.5858913504866854,21.73913043478261,0.005302734375000001
FF01_full_flow_v8,msfi_50k,false_edge_increase,3,xuehong.13,0.5629499597713761,5.387558460235596,1.2304296493530273,2.879653215408325,1.0299893643720937,1.024154655510194,-0.33791245121451163,0.5629499597713761,-4.136768965713095,0.0042578125
FF01_full_flow_v8,msfi_50k,false_edge_increase,4,xuehong.11,0.5513881011992863,5.424173355102539,1.2650976181030273,2.891494035720825,1.0279958841577554,1.020657130810586,-0.3438009586337607,0.5513881011992863,4.5820942976304035,0.0036425781250000004
FF01_full_flow_v8,msfi_50k,false_edge_increase,5,donghaiyuanjia.26,0.5222123526973411,22.585758209228516,7.474755764007568,10.827783584594727,1.0770588121922466,1.2199542229590061,-0.36206202836192236,0.5222123526973411,8.583690987124463,0.00232421875
FF01_full_flow_v8,msfi_50k,false_edge_increase,6,weixiaoyuanjia.24,0.4681199596774194,22.61280632019043,7.551064491271973,11.0545015335083,1.1756719993086184,1.3132767771885059,-0.3004615844013886,0.4681199596774194,9.049091320413243,0.00234375
FF01_full_flow_v8,msfi_50k,false_edge_increase,7,weixiaoyuanjia.23,0.44025067654180317,22.983564376831055,8.454668045043945,10.983124732971191,1.164354796567267,1.3256024216982525,-0.3145781538506274,0.44025067654180317,11.330049261083744,0.001708984375
FF01_full_flow_v8,msfi_50k,false_edge_increase,8,sanjiaoji.10,0.33802804111728596,6.818323612213135,1.0107519626617432,4.517207145690918,1.013352785908611,1.031546028358916,-0.21366563123616233,0.33802804111728596,10.429823231897968,0.0037304687499999994
FF01_full_flow_v8,msfi_50k,false_edge_increase,9,chichaoyiwan.2,0.33653846153846156,12.68359375,1.0702344179153442,8.513593673706055,1.0622601518700754,1.2504345162058625,-0.11942252603155112,0.33653846153846156,14.925373134328359,0.0011523437500000002
FF01_full_flow_v8,msfi_50k,false_edge_increase,10,donghaiyuanjia.18,0.2935725210394268,22.315156936645508,9.725439071655273,7.494106292724609,1.42804935888386,1.2784845015005752,-0.17336732605426364,0.2935725210394268,3.816793893129771,0.0018164062500000003
FF01_full_flow_v8,msfi_50k,endpoint_increase,1,weixiaoyuanjia.26,29.41176470588235,22.860116958618164,7.39206075668335,11.286201477050781,1.1159436972086711,1.198878061240957,-0.4454988632561717,0.6071270193221413,29.41176470588235,0.0025097656250000003
FF01_full_flow_v8,msfi_50k,endpoint_increase,2,xuehong.9,21.73913043478261,5.426601409912109,1.259677767753601,2.8881592750549316,1.0274677223910822,1.0210275493611736,-0.31789677572808295,0.5858913504866854,21.73913043478261,0.005302734375000001
FF01_full_flow_v8,msfi_50k,endpoint_increase,3,chichaoyiwan.3,21.05263157894737,12.682297706604004,1.0634570121765137,8.528183937072754,1.0678069201403317,1.2313921371683645,-0.08887961965575752,0.219311911716975,21.05263157894737,0.0003613281249999999
FF01_full_flow_v8,msfi_50k,endpoint_increase,4,qiangzhuang.15,18.181818181818183,9.70751667022705,3.322998046875,8.564526557922363,1.089841280222977,1.1864185933556592,-0.1213485607410264,0.19201675203466784,18.181818181818183,0.0014550781250000002
FF01_full_flow_v8,msfi_50k,endpoint_increase,5,luojiazao.4,18.083182640144667,2.069713592529297,0.8990722894668579,1.191586971282959,1.0122420743752159,0.9912030520518386,-0.09638177997117037,0.16129992065591114,18.083182640144667,0.0011328124999999993
FF01_full_flow_v8,msfi_50k,endpoint_increase,6,jianci.5,15.851161594494496,10.962291717529297,0.1816992163658142,8.415410041809082,1.0818749379306016,1.0838212000566954,-0.02583995655615756,0.09322249035325601,15.851161594494496,0.0024609374999999996
FF01_full_flow_v8,msfi_50k,endpoint_increase,7,chichaoyiwan.2,14.925373134328359,12.68359375,1.0702344179153442,8.513593673706055,1.0622601518700754,1.2504345162058625,-0.11942252603155112,0.33653846153846156,14.925373134328359,0.0011523437500000002
FF01_full_flow_v8,msfi_50k,endpoint_increase,8,xuehong.14,14.683600333679498,5.497718334197998,1.3119043111801147,2.9099903106689453,1.028399575701204,1.0263594709071315,-0.11572157353901047,0.19429525688155658,14.683600333679498,0.0016894531249999995
FF01_full_flow_v8,msfi_50k,endpoint_increase,9,weiruan.8,13.833917599607977,8.985218048095703,1.2089648246765137,4.599897384643555,1.0143532716754122,1.0313387395537272,-0.14151576983660275,0.20148782593179335,13.833917599607977,0.0016210937499999984
FF01_full_flow_v8,msfi_50k,endpoint_increase,10,suojiao.6,13.355149192784943,10.3036527633667,0.3276953101158142,10.45150375366211,1.0516862704012686,1.0834330528747445,-0.10220839887948441,0.15600809633340265,13.355149192784943,0.003935546874999998
FF01_full_flow_v8,msfi_50k,pred_density_increase,1,ribenxing.4,0.010947265625,6.848750114440918,1.0525293350219727,3.520761728286743,1.0747270909793043,1.1098323709894629,-0.18712918368519704,0.2606276631755639,4.7406501869251905,0.010947265625
FF01_full_flow_v8,msfi_50k,pred_density_increase,2,mashi.2,0.005341796874999999,7.337724685668945,1.0320215225219727,4.147968769073486,1.0088457677580984,1.0189865126999444,-0.13704808963083814,0.23476761509185973,9.528103615036109,0.005341796874999999
FF01_full_flow_v8,msfi_50k,pred_density_increase,3,xuehong.9,0.005302734375000001,5.426601409912109,1.259677767753601,2.8881592750549316,1.0274677223910822,1.0210275493611736,-0.31789677572808295,0.5858913504866854,21.73913043478261,0.005302734375000001
FF01_full_flow_v8,msfi_50k,pred_density_increase,4,jiaomaozao.17,0.004843749999999997,1.7648991346359253,1.004003882408142,1.1649658679962158,1.0268516734161093,1.0253461013425647,-0.0205521337374015,0.04640552016805516,2.834110325611743,0.004843749999999997
FF01_full_flow_v8,msfi_50k,pred_density_increase,5,xuehong.13,0.0042578125,5.387558460235596,1.2304296493530273,2.879653215408325,1.0299893643720937,1.024154655510194,-0.33791245121451163,0.5629499597713761,-4.136768965713095,0.0042578125
FF01_full_flow_v8,msfi_50k,pred_density_increase,6,suojiao.6,0.003935546874999998,10.3036527633667,0.3276953101158142,10.45150375366211,1.0516862704012686,1.0834330528747445,-0.10220839887948441,0.15600809633340265,13.355149192784943,0.003935546874999998
FF01_full_flow_v8,msfi_50k,pred_density_increase,7,sanjiaoji.10,0.0037304687499999994,6.818323612213135,1.0107519626617432,4.517207145690918,1.013352785908611,1.031546028358916,-0.21366563123616233,0.33802804111728596,10.429823231897968,0.0037304687499999994
FF01_full_flow_v8,msfi_50k,pred_density_increase,8,xuehong.11,0.0036425781250000004,5.424173355102539,1.2650976181030273,2.891494035720825,1.0279958841577554,1.020657130810586,-0.3438009586337607,0.5513881011992863,4.5820942976304035,0.0036425781250000004
FF01_full_flow_v8,msfi_50k,pred_density_increase,9,ribenxing.3,0.0035742187499999967,3.1680240631103516,1.0832324028015137,3.124330997467041,1.035667269570557,1.0617107470816756,-0.03230258809142539,0.020801253780357354,5.7170422009212025,0.0035742187499999967
FF01_full_flow_v8,msfi_50k,pred_density_increase,10,jiaomaozao.13,0.0033007812500000025,0.9354915618896484,0.9537890553474426,0.08968261629343033,1.0148647582813162,1.0064179598328014,-0.053480826860839104,0.08297610343059247,-1.7513503858338169,0.0033007812500000025
FF02_detector_compatible,diffusionedge_baseline_50k,f1_loss,1,weixiaoyuanjia.26,-0.41565082189255687,30.956151962280273,2.3716700077056885,15.435522079467773,1.000124100965443,1.0598774527379846,-0.41565082189255687,0.5824573225516622,21.551724137931036,0.00208984375
FF02_detector_compatible,diffusionedge_baseline_50k,f1_loss,2,weixiaoyuanjia.23,-0.3524599542334096,31.011184692382812,2.837959051132202,15.34256362915039,1.0317552923850142,1.0991051914056698,-0.3524599542334096,0.5163209721349257,18.099547511312217,0.00197265625
FF02_detector_compatible,diffusionedge_baseline_50k,f1_loss,3,donghaiyuanjia.26,-0.3470899470899471,29.26399803161621,2.580810546875,14.35498046875,0.8690482599570981,1.0705384004315937,-0.3470899470899471,0.5106004447739065,11.235955056179776,0.001611328125
FF02_detector_compatible,diffusionedge_baseline_50k,f1_loss,4,xuehong.11,-0.3431362353915053,7.0856475830078125,1.1787792444229126,3.905258893966675,0.8681656968098559,0.9986476082938073,-0.3431362353915053,0.4048595117457393,16.186964225851252,0.00109375
FF02_detector_compatible,diffusionedge_baseline_50k,f1_loss,5,luoshijiaomao.3,-0.3344027583389858,5.408502578735352,1.1203515529632568,5.452856540679932,0.8933959550124848,1.011547070695681,-0.3344027583389858,0.08706792118506661,9.703972824803069,-0.014423828125
FF02_detector_compatible,diffusionedge_baseline_50k,f1_loss,6,xuehong.13,-0.3163228543703783,7.098564624786377,1.181699275970459,3.912910223007202,0.8667708029611769,0.9994236144716125,-0.3163228543703783,0.5239406656175322,-1.3513140840020945,0.004365234375
FF02_detector_compatible,diffusionedge_baseline_50k,f1_loss,7,xuehong.9,-0.3059034847159398,7.088323593139648,1.182802677154541,3.905810594558716,0.8701590464578561,0.9990179686891125,-0.3059034847159398,0.5595182238372384,16.736401673640167,0.004716796874999999
FF02_detector_compatible,diffusionedge_baseline_50k,f1_loss,8,weixiaoyuanjia.24,-0.28176380804856815,30.77360725402832,2.466787099838257,15.275775909423828,1.0095986056418573,1.0929364220030016,-0.28176380804856815,0.46149821591135015,18.602488082781072,0.00189453125
FF02_detector_compatible,diffusionedge_baseline_50k,f1_loss,9,rouruo.4,-0.2669531264824951,7.775195121765137,1.1343847513198853,4.312216758728027,0.9594605800892207,1.0193410423090847,-0.2669531264824951,0.12423448990888561,20.492383916969917,-0.0073339843750000015
FF02_detector_compatible,diffusionedge_baseline_50k,f1_loss,10,luoshijiaomao.4,-0.24820363894529074,4.958287715911865,1.084902286529541,5.256171703338623,0.884158458853223,1.013774138422857,-0.24820363894529074,0.09406761009388284,-0.04919323101141515,-0.0089453125
FF02_detector_compatible,diffusionedge_baseline_50k,false_edge_increase,1,weixiaoyuanjia.26,0.5824573225516622,30.956151962280273,2.3716700077056885,15.435522079467773,1.000124100965443,1.0598774527379846,-0.41565082189255687,0.5824573225516622,21.551724137931036,0.00208984375
FF02_detector_compatible,diffusionedge_baseline_50k,false_edge_increase,2,xuehong.9,0.5595182238372384,7.088323593139648,1.182802677154541,3.905810594558716,0.8701590464578561,0.9990179686891125,-0.3059034847159398,0.5595182238372384,16.736401673640167,0.004716796874999999
FF02_detector_compatible,diffusionedge_baseline_50k,false_edge_increase,3,xuehong.13,0.5239406656175322,7.098564624786377,1.181699275970459,3.912910223007202,0.8667708029611769,0.9994236144716125,-0.3163228543703783,0.5239406656175322,-1.3513140840020945,0.004365234375
FF02_detector_compatible,diffusionedge_baseline_50k,false_edge_increase,4,weixiaoyuanjia.23,0.5163209721349257,31.011184692382812,2.837959051132202,15.34256362915039,1.0317552923850142,1.0991051914056698,-0.3524599542334096,0.5163209721349257,18.099547511312217,0.00197265625
FF02_detector_compatible,diffusionedge_baseline_50k,false_edge_increase,5,donghaiyuanjia.26,0.5106004447739065,29.26399803161621,2.580810546875,14.35498046875,0.8690482599570981,1.0705384004315937,-0.3470899470899471,0.5106004447739065,11.235955056179776,0.001611328125
FF02_detector_compatible,diffusionedge_baseline_50k,false_edge_increase,6,weixiaoyuanjia.24,0.46149821591135015,30.77360725402832,2.466787099838257,15.275775909423828,1.0095986056418573,1.0929364220030016,-0.28176380804856815,0.46149821591135015,18.602488082781072,0.00189453125
FF02_detector_compatible,diffusionedge_baseline_50k,false_edge_increase,7,xuehong.11,0.4048595117457393,7.0856475830078125,1.1787792444229126,3.905258893966675,0.8681656968098559,0.9986476082938073,-0.3431362353915053,0.4048595117457393,16.186964225851252,0.00109375
FF02_detector_compatible,diffusionedge_baseline_50k,false_edge_increase,8,tiaowenhuangou.4,0.36462995332398535,15.272652626037598,1.4251562356948853,7.917192459106445,0.8246459789975604,0.9686982942427933,-0.24015090744437073,0.36462995332398535,22.06742723416703,0.0018066406249999997
FF02_detector_compatible,diffusionedge_baseline_50k,false_edge_increase,9,xinyue.5,0.35327188940092163,10.818984031677246,1.0133886337280273,5.403491020202637,0.8486639777667324,0.9967347921008906,-0.20920719690951128,0.35327188940092163,8.50439882697947,0.0014746093749999998
FF02_detector_compatible,diffusionedge_baseline_50k,false_edge_increase,10,donghaiyuanjia.16,0.3529373612752587,30.00290298461914,6.348379135131836,13.627222061157227,1.0488916350777036,1.0551829160568984,-0.2112769755897187,0.3529373612752587,6.128034269395526,0.0014160156249999997
FF02_detector_compatible,diffusionedge_baseline_50k,endpoint_increase,1,tama.8,42.1455938697318,31.824134826660156,2.211728572845459,16.247909545898438,1.0044807880893387,1.030103261132828,-0.1836019060207955,0.30240153958745564,42.1455938697318,0.0014746093749999998
FF02_detector_compatible,diffusionedge_baseline_50k,endpoint_increase,2,weixiaoyuanjia.22,40.47474132684114,43.0109748840332,27.337841033935547,20.20389175415039,1.0799185211731546,0.9620910407451615,-0.08175606975270044,0.028775295356182014,40.47474132684114,-0.00019531250000000007
FF02_detector_compatible,diffusionedge_baseline_50k,endpoint_increase,3,chichaoyiwan.2,25.31645569620253,19.389095306396484,0.9814453125,12.588544845581055,0.8462731332665302,1.1091686686800786,-0.1177607334829115,0.34812286689419797,25.31645569620253,0.0009570312500000002
FF02_detector_compatible,diffusionedge_baseline_50k,endpoint_increase,4,qiangzhuang.15,23.62204724409449,15.199361801147461,1.2336132526397705,13.4171142578125,0.9741813875732219,1.061488340260179,-0.11882205394187706,0.20108014374059835,23.62204724409449,0.00107421875
FF02_detector_compatible,diffusionedge_baseline_50k,endpoint_increase,5,tiaowenhuangou.4,22.06742723416703,15.272652626037598,1.4251562356948853,7.917192459106445,0.8246459789975604,0.9686982942427933,-0.24015090744437073,0.36462995332398535,22.06742723416703,0.0018066406249999997
FF02_detector_compatible,diffusionedge_baseline_50k,endpoint_increase,6,sanjiaoji.10,21.91235059760956,7.989296913146973,1.1035645008087158,5.14065408706665,0.8414301771645474,0.9338848865237951,-0.1588553491550706,0.26345032689162406,21.91235059760956,0.002441406250000001
FF02_detector_compatible,diffusionedge_baseline_50k,endpoint_increase,7,weixiaoyuanjia.26,21.551724137931036,30.956151962280273,2.3716700077056885,15.435522079467773,1.000124100965443,1.0598774527379846,-0.41565082189255687,0.5824573225516622,21.551724137931036,0.00208984375
FF02_detector_compatible,diffusionedge_baseline_50k,endpoint_increase,8,rouruo.4,20.492383916969917,7.775195121765137,1.1343847513198853,4.312216758728027,0.9594605800892207,1.0193410423090847,-0.2669531264824951,0.12423448990888561,20.492383916969917,-0.0073339843750000015
FF02_detector_compatible,diffusionedge_baseline_50k,endpoint_increase,9,chichaoyiwan.3,20.408163265306122,19.524019241333008,0.9676660299301147,12.743866920471191,0.8496733180547071,1.1035744986966574,-0.07349934179202489,0.18660287081339713,20.408163265306122,0.0005761718749999999
FF02_detector_compatible,diffusionedge_baseline_50k,endpoint_increase,10,lianzhuangluojia.11,19.97892994205734,7.033027172088623,1.0686718225479126,3.7179393768310547,1.042297788477326,1.0107021704559502,-0.03204074581834815,0.057891713577653416,19.97892994205734,-0.0001367187499999997
FF02_detector_compatible,diffusionedge_baseline_50k,pred_density_increase,1,xuehong.9,0.004716796874999999,7.088323593139648,1.182802677154541,3.905810594558716,0.8701590464578561,0.9990179686891125,-0.3059034847159398,0.5595182238372384,16.736401673640167,0.004716796874999999
FF02_detector_compatible,diffusionedge_baseline_50k,pred_density_increase,2,xuehong.13,0.004365234375,7.098564624786377,1.181699275970459,3.912910223007202,0.8667708029611769,0.9994236144716125,-0.3163228543703783,0.5239406656175322,-1.3513140840020945,0.004365234375
FF02_detector_compatible,diffusionedge_baseline_50k,pred_density_increase,3,weiruan.7,0.0041601562500000015,10.04971694946289,1.1281640529632568,5.234296798706055,0.8574218023038719,0.9761037487932877,-0.16708635890418222,0.24826462208609168,5.280509075575491,0.0041601562500000015
FF02_detector_compatible,diffusionedge_baseline_50k,pred_density_increase,4,mishikailun.8,0.003916015625,3.42173171043396,1.1849902868270874,1.8580224514007568,0.8968351600680393,0.9854180384619512,-0.10412597917163158,0.2181530949303461,6.032743942370663,0.003916015625
FF02_detector_compatible,diffusionedge_baseline_50k,pred_density_increase,5,weiruan.8,0.003662109375,11.028313636779785,1.1268750429153442,5.73477029800415,0.8546301926066663,0.9789061897423882,-0.2006682642152111,0.3430954982135151,12.652088356752863,0.003662109375
FF02_detector_compatible,diffusionedge_baseline_50k,pred_density_increase,6,paige.4,0.0034863281250000003,1.5925390720367432,0.7569043040275574,0.9168359637260437,0.88931507981501,1.0057469588787284,0.012250342448181128,0.07444582601645525,2.0315126050420176,0.0034863281250000003
FF02_detector_compatible,diffusionedge_baseline_50k,pred_density_increase,7,mashi.2,0.0032714843749999997,8.77840805053711,1.0433887243270874,4.911777496337891,0.8518457474495442,0.961210031119576,-0.11417437160587363,0.21548001729753677,14.504559270516717,0.0032714843749999997
FF02_detector_compatible,diffusionedge_baseline_50k,pred_density_increase,8,ribenxing.4,0.002939453125,8.629648208618164,1.0878515243530273,4.503100395202637,0.9985706970290756,1.0455444832393788,-0.17565558693742356,0.22069330726302494,5.26294050768572,0.002939453125
FF02_detector_compatible,diffusionedge_baseline_50k,pred_density_increase,9,kailun.2,0.0029101562499999995,8.711614608764648,1.0805957317352295,5.616162300109863,0.8493391982518561,0.9551280281205253,-0.2012663657660413,0.3325152391403603,17.716535433070867,0.0029101562499999995
FF02_detector_compatible,diffusionedge_baseline_50k,pred_density_increase,10,sanjiaoji.10,0.002441406250000001,7.989296913146973,1.1035645008087158,5.14065408706665,0.8414301771645474,0.9338848865237951,-0.1588553491550706,0.26345032689162406,21.91235059760956,0.002441406250000001
FF02_detector_compatible,msfi_50k,f1_loss,1,weixiaoyuanjia.26,-0.4382051465604868,30.956151962280273,2.3716700077056885,15.435522079467773,1.000124100965443,1.0598774527379846,-0.4382051465604868,0.6029353685221753,12.244897959183673,0.0024609375000000005
FF02_detector_compatible,msfi_50k,f1_loss,2,donghaiyuanjia.26,-0.38963730569948185,29.26399803161621,2.580810546875,14.35498046875,0.8690482599570981,1.0705384004315937,-0.38963730569948185,0.5509157509157508,8.968609865470851,0.002197265625
FF02_detector_compatible,msfi_50k,f1_loss,3,xuehong.11,-0.3401186653968554,7.0856475830078125,1.1787792444229126,3.905258893966675,0.8681656968098559,0.9986476082938073,-0.3401186653968554,0.5391053264151496,5.807058438637386,0.0031640625
FF02_detector_compatible,msfi_50k,f1_loss,4,xuehong.13,-0.32843531194489817,7.098564624786377,1.181699275970459,3.912910223007202,0.8667708029611769,0.9994236144716125,-0.32843531194489817,0.5576123105878327,-2.7590773645293005,0.004062499999999999
FF02_detector_compatible,msfi_50k,f1_loss,5,xuehong.9,-0.31820884770658076,7.088323593139648,1.182802677154541,3.905810594558716,0.8701590464578561,0.9990179686891125,-0.31820884770658076,0.5892096168931668,23.483365949119374,0.00517578125
FF02_detector_compatible,msfi_50k,f1_loss,6,weixiaoyuanjia.24,-0.26344456819013184,30.77360725402832,2.466787099838257,15.275775909423828,1.0095986056418573,1.0929364220030016,-0.26344456819013184,0.4158830599547511,12.439250173570933,0.0018164062499999999
FF02_detector_compatible,msfi_50k,f1_loss,7,weixiaoyuanjia.23,-0.24263774063122323,31.011184692382812,2.837959051132202,15.34256362915039,1.0317552923850142,1.0991051914056698,-0.24263774063122323,0.35849140717294875,9.213647144681627,0.0013574218750000001
FF02_detector_compatible,msfi_50k,f1_loss,8,sanjiaoji.10,-0.22780526693793068,7.989296913146973,1.1035645008087158,5.14065408706665,0.8414301771645474,0.9338848865237951,-0.22780526693793068,0.35279858707505574,14.082798473720198,0.0039453125
FF02_detector_compatible,msfi_50k,f1_loss,9,luoshijiaomao.3,-0.21544416734834426,5.408502578735352,1.1203515529632568,5.452856540679932,0.8933959550124848,1.011547070695681,-0.21544416734834426,0.10082382404591722,0.6670832418556731,-0.006621093749999998
FF02_detector_compatible,msfi_50k,f1_loss,10,tiaowenhuangou.5,-0.20193645305350927,15.218294143676758,1.4169530868530273,7.906171798706055,0.8261457040507414,0.9669458099133588,-0.20193645305350927,0.28358487811998245,17.111142467428625,0.0012011718750000004
FF02_detector_compatible,msfi_50k,false_edge_increase,1,weixiaoyuanjia.26,0.6029353685221753,30.956151962280273,2.3716700077056885,15.435522079467773,1.000124100965443,1.0598774527379846,-0.4382051465604868,0.6029353685221753,12.244897959183673,0.0024609375000000005
FF02_detector_compatible,msfi_50k,false_edge_increase,2,xuehong.9,0.5892096168931668,7.088323593139648,1.182802677154541,3.905810594558716,0.8701590464578561,0.9990179686891125,-0.31820884770658076,0.5892096168931668,23.483365949119374,0.00517578125
FF02_detector_compatible,msfi_50k,false_edge_increase,3,xuehong.13,0.5576123105878327,7.098564624786377,1.181699275970459,3.912910223007202,0.8667708029611769,0.9994236144716125,-0.32843531194489817,0.5576123105878327,-2.7590773645293005,0.004062499999999999
FF02_detector_compatible,msfi_50k,false_edge_increase,4,donghaiyuanjia.26,0.5509157509157508,29.26399803161621,2.580810546875,14.35498046875,0.8690482599570981,1.0705384004315937,-0.38963730569948185,0.5509157509157508,8.968609865470851,0.002197265625
FF02_detector_compatible,msfi_50k,false_edge_increase,5,xuehong.11,0.5391053264151496,7.0856475830078125,1.1787792444229126,3.905258893966675,0.8681656968098559,0.9986476082938073,-0.3401186653968554,0.5391053264151496,5.807058438637386,0.0031640625
FF02_detector_compatible,msfi_50k,false_edge_increase,6,weixiaoyuanjia.24,0.4158830599547511,30.77360725402832,2.466787099838257,15.275775909423828,1.0095986056418573,1.0929364220030016,-0.26344456819013184,0.4158830599547511,12.439250173570933,0.0018164062499999999
FF02_detector_compatible,msfi_50k,false_edge_increase,7,weixiaoyuanjia.23,0.35849140717294875,31.011184692382812,2.837959051132202,15.34256362915039,1.0317552923850142,1.0991051914056698,-0.24263774063122323,0.35849140717294875,9.213647144681627,0.0013574218750000001
FF02_detector_compatible,msfi_50k,false_edge_increase,8,sanjiaoji.10,0.35279858707505574,7.989296913146973,1.1035645008087158,5.14065408706665,0.8414301771645474,0.9338848865237951,-0.22780526693793068,0.35279858707505574,14.082798473720198,0.0039453125
FF02_detector_compatible,msfi_50k,false_edge_increase,9,chichaoyiwan.2,0.33112582781456956,19.389095306396484,0.9814453125,12.588544845581055,0.8462731332665302,1.1091686686800786,-0.11986402956414521,0.33112582781456956,14.492753623188406,0.0010546875
FF02_detector_compatible,msfi_50k,false_edge_increase,10,donghaiyuanjia.16,0.3108958837772397,30.00290298461914,6.348379135131836,13.627222061157227,1.0488916350777036,1.0551829160568984,-0.1933097602964171,0.3108958837772397,3.8314176245210727,0.0008789062499999999
FF02_detector_compatible,msfi_50k,endpoint_increase,1,qiangzhuang.15,23.904382470119522,15.199361801147461,1.2336132526397705,13.4171142578125,0.9741813875732219,1.061488340260179,-0.05882888600678826,0.09944954984372814,23.904382470119522,0.0004199218749999997
FF02_detector_compatible,msfi_50k,endpoint_increase,2,xuehong.9,23.483365949119374,7.088323593139648,1.182802677154541,3.905810594558716,0.8701590464578561,0.9990179686891125,-0.31820884770658076,0.5892096168931668,23.483365949119374,0.00517578125
FF02_detector_compatible,msfi_50k,endpoint_increase,3,tiaowenhuangou.4,23.017902813299234,15.272652626037598,1.4251562356948853,7.917192459106445,0.8246459789975604,0.9686982942427933,-0.11155202252309171,0.18224465635448245,23.017902813299234,0.00138671875
FF02_detector_compatible,msfi_50k,endpoint_increase,4,chichaoyiwan.3,20.61855670103093,19.524019241333008,0.9676660299301147,12.743866920471191,0.8496733180547071,1.1035744986966574,-0.07960991008886809,0.19785936775134202,20.61855670103093,0.00032226562499999985
FF02_detector_compatible,msfi_50k,endpoint_increase,5,tiaowenhuangou.5,17.111142467428625,15.218294143676758,1.4169530868530273,7.906171798706055,0.8261457040507414,0.9669458099133588,-0.20193645305350927,0.28358487811998245,17.111142467428625,0.0012011718750000004
FF02_detector_compatible,msfi_50k,endpoint_increase,6,xinyue.5,16.89814814814815,10.818984031677246,1.0133886337280273,5.403491020202637,0.8486639777667324,0.9967347921008906,-0.15698582242184678,0.2558441558441559,16.89814814814815,0.0017578125000000007
FF02_detector_compatible,msfi_50k,endpoint_increase,7,tama.12,16.80672268907563,31.056001663208008,2.276923894882202,15.584936141967773,0.9983721094853186,1.0513986958752042,-0.128535495766243,0.2393091581161175,16.80672268907563,0.0008496093750000001
FF02_detector_compatible,msfi_50k,endpoint_increase,8,qiangzhuang.17,16.52892561983471,24.8647518157959,2.229121208190918,16.155210494995117,1.1014181979188014,1.0959930346676852,0.02939198591647474,-0.023960535588442577,16.52892561983471,0.0003125000000000003
FF02_detector_compatible,msfi_50k,endpoint_increase,9,chichaoyiwan.2,14.492753623188406,19.389095306396484,0.9814453125,12.588544845581055,0.8462731332665302,1.1091686686800786,-0.11986402956414521,0.33112582781456956,14.492753623188406,0.0010546875
FF02_detector_compatible,msfi_50k,endpoint_increase,10,rouruo.4,14.431203737729016,7.775195121765137,1.1343847513198853,4.312216758728027,0.9594605800892207,1.0193410423090847,-0.10529827798066449,-0.04181599902644728,14.431203737729016,-0.01041015625
FF02_detector_compatible,msfi_50k,pred_density_increase,1,ribenxing.4,0.010078125,8.629648208618164,1.0878515243530273,4.503100395202637,0.9985706970290756,1.0455444832393788,-0.18435596815427202,0.25785261823771405,3.243342985294955,0.010078125
FF02_detector_compatible,msfi_50k,pred_density_increase,2,xuehong.9,0.00517578125,7.088323593139648,1.182802677154541,3.905810594558716,0.8701590464578561,0.9990179686891125,-0.31820884770658076,0.5892096168931668,23.483365949119374,0.00517578125
FF02_detector_compatible,msfi_50k,pred_density_increase,3,mashi.2,0.005000000000000001,8.77840805053711,1.0433887243270874,4.911777496337891,0.8518457474495442,0.961210031119576,-0.12244882863038953,0.2102539639271273,13.267296473739563,0.005000000000000001
FF02_detector_compatible,msfi_50k,pred_density_increase,4,xuehong.13,0.004062499999999999,7.098564624786377,1.181699275970459,3.912910223007202,0.8667708029611769,0.9994236144716125,-0.32843531194489817,0.5576123105878327,-2.7590773645293005,0.004062499999999999
FF02_detector_compatible,msfi_50k,pred_density_increase,5,jiaomaozao.17,0.003994140625,1.7807096242904663,0.9180566668510437,1.1919385194778442,0.9044838063939935,0.9977709489526745,-0.038779513061870774,0.06347817470874034,2.8097399223740105,0.003994140625
FF02_detector_compatible,msfi_50k,pred_density_increase,6,sanjiaoji.10,0.0039453125,7.989296913146973,1.1035645008087158,5.14065408706665,0.8414301771645474,0.9338848865237951,-0.22780526693793068,0.35279858707505574,14.082798473720198,0.0039453125
FF02_detector_compatible,msfi_50k,pred_density_increase,7,gutiao.2,0.003935546875000001,10.946158409118652,1.1445801258087158,5.478168964385986,0.923151273472444,1.0009003460283783,0.03890275980021557,0.0054192590702717425,-0.9353766264027499,0.003935546875000001
FF02_detector_compatible,msfi_50k,pred_density_increase,8,weiruan.7,0.0036425781250000004,10.04971694946289,1.1281640529632568,5.234296798706055,0.8574218023038719,0.9761037487932877,-0.15086148671772937,0.2069755341460273,3.4438023351810347,0.0036425781250000004
FF02_detector_compatible,msfi_50k,pred_density_increase,9,xuehong.11,0.0031640625,7.0856475830078125,1.1787792444229126,3.905258893966675,0.8681656968098559,0.9986476082938073,-0.3401186653968554,0.5391053264151496,5.807058438637386,0.0031640625
FF02_detector_compatible,msfi_50k,pred_density_increase,10,kailun.2,0.00296875,8.711614608764648,1.0805957317352295,5.616162300109863,0.8493391982518561,0.9551280281205253,-0.17456168421513008,0.2968675274988044,6.036217303822937,0.00296875
P27_raw_detail_lowfreq_chroma,diffusionedge_baseline_50k,f1_loss,1,haiyangkadun.13,-0.04433407615050822,1.1179622411727905,0.8406835794448853,0.3545800745487213,1.312828514464654,0.9857540280430497,-0.04433407615050822,0.05285363098797424,-10.738831615120272,-9.765625000000009e-06
P27_raw_detail_lowfreq_chroma,diffusionedge_baseline_50k,f1_loss,2,duowenqigou.4,-0.03038617382364439,3.6734960079193115,3.1581835746765137,1.1367480754852295,1.0076134355539048,0.9976819864510247,-0.03038617382364439,0.08572340697228958,12.440354464894343,0.0014550781249999993
P27_raw_detail_lowfreq_chroma,diffusionedge_baseline_50k,f1_loss,3,tama.10,-0.030223226140359438,2.8010058403015137,1.349033236503601,1.084902286529541,1.4645090022052387,0.9963288726204412,-0.030223226140359438,0.025537634408602156,-4.566210045662101,-0.00019531249999999974
P27_raw_detail_lowfreq_chroma,diffusionedge_baseline_50k,f1_loss,4,limayuanjia.18,-0.02536998038239946,1.6865234375,1.2073047161102295,0.6824169754981995,1.1073744360995073,1.0010685168098221,-0.02536998038239946,0.044868832802035505,-13.484848484848486,0.00017578124999999972
P27_raw_detail_lowfreq_chroma,diffusionedge_baseline_50k,f1_loss,5,haiyangkadun.19,-0.023061699219601384,1.88037109375,1.4320117235183716,0.8152294754981995,1.170965087156851,1.0070446222266054,-0.023061699219601384,0.020610520088983675,7.351206855884897,6.835937500000028e-05
P27_raw_detail_lowfreq_chroma,diffusionedge_baseline_50k,f1_loss,6,haiyangkadun.20,-0.021878630722938164,2.3731770515441895,1.5389355421066284,1.0767773389816284,1.041602818892159,0.9973815597766169,-0.021878630722938164,0.03864475782758331,4.218343479249286,0.0002636718749999996
P27_raw_detail_lowfreq_chroma,diffusionedge_baseline_50k,f1_loss,7,luoshijiaomao.3,-0.01998341667690906,1.82365882396698,1.5007226467132568,0.7779931426048279,1.0518301078680803,0.9509973217728154,-0.01998341667690906,0.003202335338136693,-2.545640334151507,-0.0007128906250000004
P27_raw_detail_lowfreq_chroma,diffusionedge_baseline_50k,f1_loss,8,lianzhuangluojia.12,-0.019974196400562083,2.0258495807647705,1.6633691787719727,0.5462060570716858,1.0014606324365785,0.94198791919601,-0.019974196400562083,0.031544077988778244,2.2647603292764593,0.00014648437499999948
P27_raw_detail_lowfreq_chroma,diffusionedge_baseline_50k,f1_loss,9,hailianzao.8,-0.0198611467266665,3.0585222244262695,1.855800747871399,1.546289086341858,1.0241012049268317,1.0053612937656964,-0.0198611467266665,0.025283387410931002,-3.5860951705941417,0.001689453124999997
P27_raw_detail_lowfreq_chroma,diffusionedge_baseline_50k,f1_loss,10,rouruo.3,-0.018287970000347098,1.3876595497131348,1.1819921731948853,0.6941601634025574,0.9966179070923796,0.9954454792283688,-0.018287970000347098,-0.007625179638453994,-7.611281005776419,0.00022460937500000042
P27_raw_detail_lowfreq_chroma,diffusionedge_baseline_50k,false_edge_increase,1,duowenqigou.4,0.08572340697228958,3.6734960079193115,3.1581835746765137,1.1367480754852295,1.0076134355539048,0.9976819864510247,-0.03038617382364439,0.08572340697228958,12.440354464894343,0.0014550781249999993
P27_raw_detail_lowfreq_chroma,diffusionedge_baseline_50k,false_edge_increase,2,haiyangkadun.13,0.05285363098797424,1.1179622411727905,0.8406835794448853,0.3545800745487213,1.312828514464654,0.9857540280430497,-0.04433407615050822,0.05285363098797424,-10.738831615120272,-9.765625000000009e-06
P27_raw_detail_lowfreq_chroma,diffusionedge_baseline_50k,false_edge_increase,3,qiangzhuang.17,0.046685937420761714,1.7865592241287231,0.9511816501617432,1.034609317779541,1.5634429110881882,1.0237015924794632,-0.012235892851735097,0.046685937420761714,-13.737668980635732,1.9531250000000017e-05
P27_raw_detail_lowfreq_chroma,diffusionedge_baseline_50k,false_edge_increase,4,limayuanjia.18,0.044868832802035505,1.6865234375,1.2073047161102295,0.6824169754981995,1.1073744360995073,1.0010685168098221,-0.02536998038239946,0.044868832802035505,-13.484848484848486,0.00017578124999999972
P27_raw_detail_lowfreq_chroma,diffusionedge_baseline_50k,false_edge_increase,5,haiyangkadun.20,0.03864475782758331,2.3731770515441895,1.5389355421066284,1.0767773389816284,1.041602818892159,0.9973815597766169,-0.021878630722938164,0.03864475782758331,4.218343479249286,0.0002636718749999996
P27_raw_detail_lowfreq_chroma,diffusionedge_baseline_50k,false_edge_increase,6,yuanjiazao.6,0.0342635099720936,2.621933698654175,0.9451953172683716,1.5123291015625,1.0228411618197515,1.0033711487390577,-0.013907011260118174,0.0342635099720936,-6.574957927082693,0.001962890625
P27_raw_detail_lowfreq_chroma,diffusionedge_baseline_50k,false_edge_increase,7,chazhuang.4,0.03345903476758119,1.6639355421066284,1.3548046350479126,0.7378320097923279,1.3937342282616036,1.0042219046559606,-0.005920379887549232,0.03345903476758119,1.6089599577111144,0.000849609375000001
P27_raw_detail_lowfreq_chroma,diffusionedge_baseline_50k,false_edge_increase,8,lianzhuangluojia.12,0.031544077988778244,2.0258495807647705,1.6633691787719727,0.5462060570716858,1.0014606324365785,0.94198791919601,-0.019974196400562083,0.031544077988778244,2.2647603292764593,0.00014648437499999948
P27_raw_detail_lowfreq_chroma,diffusionedge_baseline_50k,false_edge_increase,9,weixiaoyuanjia.21,0.031026785714285715,2.909677743911743,1.071191430091858,0.9398486614227295,2.2305735298531357,1.0644451731967386,-0.016663669603788178,0.031026785714285715,16.129032258064516,0.00011718749999999989
P27_raw_detail_lowfreq_chroma,diffusionedge_baseline_50k,false_edge_increase,10,weiruan.8,0.03068444836327565,3.0542447566986084,2.627089738845825,0.7116943597793579,0.8549514083904878,0.88670160225547,-0.01744330028699359,0.03068444836327565,1.8455019983838206,0.00015625000000000014
P27_raw_detail_lowfreq_chroma,diffusionedge_baseline_50k,endpoint_increase,1,weixiaoyuanjia.21,16.129032258064516,2.909677743911743,1.071191430091858,0.9398486614227295,2.2305735298531357,1.0644451731967386,-0.016663669603788178,0.031026785714285715,16.129032258064516,0.00011718749999999989
P27_raw_detail_lowfreq_chroma,diffusionedge_baseline_50k,endpoint_increase,2,duowenqigou.4,12.440354464894343,3.6734960079193115,3.1581835746765137,1.1367480754852295,1.0076134355539048,0.9976819864510247,-0.03038617382364439,0.08572340697228958,12.440354464894343,0.0014550781249999993
P27_raw_detail_lowfreq_chroma,diffusionedge_baseline_50k,endpoint_increase,3,xuehong.14,12.433938301446187,1.863183617591858,1.5870410203933716,0.5030370950698853,1.0118805957833321,0.9839490879196093,-0.002315852860249823,0.010816263269423282,12.433938301446187,0.00026367187500000045
P27_raw_detail_lowfreq_chroma,diffusionedge_baseline_50k,endpoint_increase,4,paige.4,11.150914161760149,2.378798723220825,1.293857455253601,1.2612695693969727,1.267064007092901,0.9990231373917688,-0.0019697139757572923,0.010721081510086938,11.150914161760149,0.0008300781250000014
P27_raw_detail_lowfreq_chroma,diffusionedge_baseline_50k,endpoint_increase,5,sanjiaoji.10,10.989010989010989,3.1926627159118652,2.7110254764556885,1.193701148033142,0.898751790540409,0.9105217620983221,0.031996582839522225,-0.024217680894435892,10.989010989010989,0.00027343750000000024
P27_raw_detail_lowfreq_chroma,diffusionedge_baseline_50k,endpoint_increase,6,duolie.6,9.897292250233427,2.4949934482574463,2.0892772674560547,0.6632080078125,0.8760430602154881,0.8513609221694723,-0.013028552291795115,0.010197015322797619,9.897292250233427,5.8593750000000486e-05
P27_raw_detail_lowfreq_chroma,diffusionedge_baseline_50k,endpoint_increase,7,xuehong.9,9.803921568627452,2.1792025566101074,1.9275683164596558,0.49764159321784973,0.9195217453201204,0.9739155699087464,-0.0061922981446690395,0.01711115852357585,9.803921568627452,-5.8593750000000486e-05
P27_raw_detail_lowfreq_chroma,diffusionedge_baseline_50k,endpoint_increase,8,hailianzao.7,9.105045801396987,2.8495442867279053,1.8845605850219727,1.411923885345459,1.0209305173623313,0.9956436741313263,0.00640735238092327,-0.007567649935504017,9.105045801396987,0.0006347656250000056
P27_raw_detail_lowfreq_chroma,diffusionedge_baseline_50k,endpoint_increase,9,haiyangkadun.19,7.351206855884897,1.88037109375,1.4320117235183716,0.8152294754981995,1.170965087156851,1.0070446222266054,-0.023061699219601384,0.020610520088983675,7.351206855884897,6.835937500000028e-05
P27_raw_detail_lowfreq_chroma,diffusionedge_baseline_50k,endpoint_increase,10,duolie.8,7.267745919062818,2.5550878047943115,2.1233692169189453,0.7386816143989563,0.9050325425080626,0.9358481317787007,0.016853164541954402,-0.009890588652588378,7.267745919062818,0.000996093750000003
P27_raw_detail_lowfreq_chroma,diffusionedge_baseline_50k,pred_density_increase,1,jiaomaozao.28,0.002939453124999998,3.3026463985443115,2.3194823265075684,1.4735645055770874,1.0496858239591136,1.008296915672826,0.0029366631314809433,0.004619711749024702,3.7088206849721743,0.002939453124999998
P27_raw_detail_lowfreq_chroma,diffusionedge_baseline_50k,pred_density_increase,2,jiaomaozao.19,0.002470703125000001,3.9563183784484863,2.870371103286743,1.8374218940734863,1.0046732953862154,1.005353244021096,0.0032275988518294385,0.003988362726057959,-2.366445428851236,0.002470703125000001
P27_raw_detail_lowfreq_chroma,diffusionedge_baseline_50k,pred_density_increase,3,hailianzao.10,0.002402343750000001,3.505380868911743,2.0392773151397705,1.8463525772094727,1.0747348251365962,1.0026115040974624,0.013601168312070255,0.00452299765051789,0.8526962004313923,0.002402343750000001
P27_raw_detail_lowfreq_chroma,diffusionedge_baseline_50k,pred_density_increase,4,yuanjiazao.6,0.001962890625,2.621933698654175,0.9451953172683716,1.5123291015625,1.0228411618197515,1.0033711487390577,-0.013907011260118174,0.0342635099720936,-6.574957927082693,0.001962890625
P27_raw_detail_lowfreq_chroma,diffusionedge_baseline_50k,pred_density_increase,5,hailianzao.6,0.0018261718750000044,3.153597116470337,2.4109766483306885,1.2640283107757568,1.015578109248539,1.0093209553519422,0.003742013035032743,0.0006309560328267572,-0.27001435649318495,0.0018261718750000044
P27_raw_detail_lowfreq_chroma,diffusionedge_baseline_50k,pred_density_increase,6,hailianzao.8,0.001689453124999997,3.0585222244262695,1.855800747871399,1.546289086341858,1.0241012049268317,1.0053612937656964,-0.0198611467266665,0.025283387410931002,-3.5860951705941417,0.001689453124999997
P27_raw_detail_lowfreq_chroma,diffusionedge_baseline_50k,pred_density_increase,7,jiaomaozao.14,0.0016406250000000067,4.220859527587891,3.291396379470825,1.727748990058899,0.9666512164374765,0.9746377353470959,0.002199664241158583,-0.002001562968621029,-3.811828839082345,0.0016406250000000067
P27_raw_detail_lowfreq_chroma,diffusionedge_baseline_50k,pred_density_increase,8,duowenqigou.4,0.0014550781249999993,3.6734960079193115,3.1581835746765137,1.1367480754852295,1.0076134355539048,0.9976819864510247,-0.03038617382364439,0.08572340697228958,12.440354464894343,0.0014550781249999993
P27_raw_detail_lowfreq_chroma,diffusionedge_baseline_50k,pred_density_increase,9,jiaomaozao.13,0.0012792968749999953,3.411552667617798,2.8926074504852295,1.1758252382278442,0.957453218808139,0.9856870413748077,-0.004483191932116437,0.01405006141795248,-0.6964995173675952,0.0012792968749999953
P27_raw_detail_lowfreq_chroma,diffusionedge_baseline_50k,pred_density_increase,10,jiaomaozao.18,0.001230468749999998,2.770035743713379,1.9285839796066284,1.3717529773712158,1.0542956922413742,1.0025257522894158,-0.0052978942650171446,0.007142143849488858,-2.451654929827008,0.001230468749999998
P27_raw_detail_lowfreq_chroma,msfi_50k,f1_loss,1,hailianzao.8,-0.046286406984673234,3.0585222244262695,1.855800747871399,1.546289086341858,1.0241012049268317,1.0053612937656964,-0.046286406984673234,0.0040111036059712335,-4.447786850021487,-0.012597656249999999
P27_raw_detail_lowfreq_chroma,msfi_50k,f1_loss,2,hailianzao.10,-0.03217329898847665,3.505380868911743,2.0392773151397705,1.8463525772094727,1.0747348251365962,1.0026115040974624,-0.03217329898847665,3.1491572284936264e-05,-1.9576113505094028,-0.005986328124999999
P27_raw_detail_lowfreq_chroma,msfi_50k,f1_loss,3,lianzhuangluojia.13,-0.02694132451263198,2.3044824600219727,1.9101073741912842,0.9565283060073853,0.9309213014932051,0.9902476424621265,-0.02694132451263198,0.009730081052148648,-3.6663198187876356,-0.0016992187500000002
P27_raw_detail_lowfreq_chroma,msfi_50k,f1_loss,4,limayuanjia.16,-0.025558781391277652,1.7417349815368652,1.416103482246399,0.5462207198143005,1.100469919285126,1.0035546287128314,-0.025558781391277652,-0.004807692307692308,0.0,-0.000673828125
P27_raw_detail_lowfreq_chroma,msfi_50k,f1_loss,5,jiaomaozao.29,-0.02427557371432898,1.9578157663345337,1.7570117712020874,0.9258496165275574,1.0783868522285707,0.9986653688841358,-0.02427557371432898,-0.0207638999397092,1.0644922491371087,-0.003339843749999998
P27_raw_detail_lowfreq_chroma,msfi_50k,f1_loss,6,shikelipu.4,-0.023307470649095108,1.56598961353302,1.3345996141433716,0.5267773270606995,0.9815568253084924,1.0009403489913358,-0.023307470649095108,0.010229341099381117,0.0,-0.0007324218749999996
P27_raw_detail_lowfreq_chroma,msfi_50k,f1_loss,7,paige.4,-0.022536331644393615,2.378798723220825,1.293857455253601,1.2612695693969727,1.267064007092901,0.9990231373917688,-0.022536331644393615,-0.01180592861565763,3.333649769001962,-0.004716796875000002
P27_raw_detail_lowfreq_chroma,msfi_50k,f1_loss,8,gutiao.2,-0.02101495254037644,1.5772590637207031,1.1846972703933716,0.7112646698951721,1.2518447015613845,1.0027950078800836,-0.02101495254037644,-0.0064157460281362155,6.18206733314647,-0.004492187500000001
P27_raw_detail_lowfreq_chroma,msfi_50k,f1_loss,9,lianzhuang.6,-0.020320805185562785,1.8897037506103516,1.5377637147903442,0.7839502096176147,0.9727530956988545,0.9970189838495914,-0.020320805185562785,-0.007633188795457296,-2.2393822393822393,-0.0016113281250000003
P27_raw_detail_lowfreq_chroma,msfi_50k,f1_loss,10,rouruo.3,-0.01827044809655809,1.3876595497131348,1.1819921731948853,0.6941601634025574,0.9966179070923796,0.9954454792283688,-0.01827044809655809,0.001137873085171881,-10.936637537911237,-0.0025683593750000008
P27_raw_detail_lowfreq_chroma,msfi_50k,false_edge_increase,1,shikelipu.4,0.010229341099381117,1.56598961353302,1.3345996141433716,0.5267773270606995,0.9815568253084924,1.0009403489913358,-0.023307470649095108,0.010229341099381117,0.0,-0.0007324218749999996
P27_raw_detail_lowfreq_chroma,msfi_50k,false_edge_increase,2,lianzhuangluojia.13,0.009730081052148648,2.3044824600219727,1.9101073741912842,0.9565283060073853,0.9309213014932051,0.9902476424621265,-0.02694132451263198,0.009730081052148648,-3.6663198187876356,-0.0016992187500000002
P27_raw_detail_lowfreq_chroma,msfi_50k,false_edge_increase,3,qiangzhuang.14,0.006390451722007216,1.686708927154541,1.2121973037719727,0.6137646436691284,1.2062212792798956,1.0002047640697196,-0.008428250479797117,0.006390451722007216,5.582010582010582,-0.000693359375
P27_raw_detail_lowfreq_chroma,msfi_50k,false_edge_increase,4,haiyangkadun.20,0.005666521927920103,2.3731770515441895,1.5389355421066284,1.0767773389816284,1.041602818892159,0.9973815597766169,-0.0050932226629623045,0.005666521927920103,-4.777070063694268,-0.0013085937499999999
P27_raw_detail_lowfreq_chroma,msfi_50k,false_edge_increase,5,haiyangyuanjia.7,0.004122257053291528,1.485582709312439,1.408349633216858,0.4070507884025574,1.0124849867166956,1.000015178384178,-0.0055747057143341605,0.004122257053291528,-9.375343194206014,-0.00158203125
P27_raw_detail_lowfreq_chroma,msfi_50k,false_edge_increase,6,hailianzao.8,0.0040111036059712335,3.0585222244262695,1.855800747871399,1.546289086341858,1.0241012049268317,1.0053612937656964,-0.046286406984673234,0.0040111036059712335,-4.447786850021487,-0.012597656249999999
P27_raw_detail_lowfreq_chroma,msfi_50k,false_edge_increase,7,donghaiyuanjia.15,0.0019515161566741324,1.2563704252243042,0.8198144435882568,0.5878027081489563,1.4467667827492814,0.9855654240069457,-0.000586828822093044,0.0019515161566741324,-0.057392926321830906,-0.0007421875000000002
P27_raw_detail_lowfreq_chroma,msfi_50k,false_edge_increase,8,limayuanjia.14,0.0015735174051807327,1.4819368124008179,1.2400195598602295,0.39372071623802185,1.3026088174538486,1.0050193267171212,-0.004155473259773057,0.0015735174051807327,0.0,-0.0009179687500000004
P27_raw_detail_lowfreq_chroma,msfi_50k,false_edge_increase,9,weixiaoyuanjia.20,0.0013227513227513088,1.7273958921432495,1.3889940977096558,0.8894091844558716,1.1734564891555233,0.998414572310343,-0.004752217891287436,0.0013227513227513088,-3.0211480362537766,-0.0008789062499999995
P27_raw_detail_lowfreq_chroma,msfi_50k,false_edge_increase,10,donghaiyuanjia.19,0.0012545029751286144,1.7440723180770874,1.2773633003234863,0.6517480611801147,1.2700387951730607,1.0132558516840877,-0.005663461469109676,0.0012545029751286144,0.0,-0.00052734375
P27_raw_detail_lowfreq_chroma,msfi_50k,endpoint_increase,1,qiangzhuang.13,15.075376884422111,1.7680631875991821,1.2984472513198853,0.6356835961341858,1.118200246819318,0.9890726890038126,0.01813635905818256,-0.033962412518675794,15.075376884422111,-0.0008886718749999997
P27_raw_detail_lowfreq_chroma,msfi_50k,endpoint_increase,2,haiyangkadun.13,9.655475093263112,1.1179622411727905,0.8406835794448853,0.3545800745487213,1.312828514464654,0.9857540280430497,0.001750240658090485,-0.003333333333333334,9.655475093263112,-0.00029296875000000004
P27_raw_detail_lowfreq_chroma,msfi_50k,endpoint_increase,3,paige.5,8.403806866780869,1.9985417127609253,1.4600098133087158,0.7307031154632568,1.7250810355858461,1.092722385434858,-0.0006370749580870694,-0.01578506803512042,8.403806866780869,-0.004375
P27_raw_detail_lowfreq_chroma,msfi_50k,endpoint_increase,4,shikelipu.5,7.887965579786563,1.7874870300292969,1.4053515195846558,0.49814942479133606,0.8943934528212286,0.8370402212480007,0.039854696419304614,-0.06683375104427736,7.887965579786563,-0.0008789062499999999
P27_raw_detail_lowfreq_chroma,msfi_50k,endpoint_increase,5,nilingxing.4,7.709767350060444,1.699462890625,1.3487695455551147,0.638623058795929,0.9284614386934364,0.9719411102383044,-0.01610910897050155,-0.011402382079285789,7.709767350060444,-0.0026171874999999997
P27_raw_detail_lowfreq_chroma,msfi_50k,endpoint_increase,6,jianci.4,6.317810967181634,1.8452343940734863,1.3693749904632568,0.7379834055900574,1.9338201896792673,0.9911939260975968,0.014507193388480721,-0.02276017530403214,6.317810967181634,-0.002412109374999999
P27_raw_detail_lowfreq_chroma,msfi_50k,endpoint_increase,7,gutiao.2,6.18206733314647,1.5772590637207031,1.1846972703933716,0.7112646698951721,1.2518447015613845,1.0027950078800836,-0.02101495254037644,-0.0064157460281362155,6.18206733314647,-0.004492187500000001
P27_raw_detail_lowfreq_chroma,msfi_50k,endpoint_increase,8,qiangzhuang.14,5.582010582010582,1.686708927154541,1.2121973037719727,0.6137646436691284,1.2062212792798956,1.0002047640697196,-0.008428250479797117,0.006390451722007216,5.582010582010582,-0.000693359375
P27_raw_detail_lowfreq_chroma,msfi_50k,endpoint_increase,9,donghaiyuanjia.16,5.2356020942408374,2.8623340129852295,1.279199242591858,1.0394189357757568,1.9445606650617044,0.985065435312022,0.0016643676201938407,-0.003389830508474576,5.2356020942408374,-0.0004785156250000002
P27_raw_detail_lowfreq_chroma,msfi_50k,endpoint_increase,10,juciqigou.3,5.147058823529412,3.248990774154663,2.013046979904175,1.5298681259155273,0.9570481076769127,0.981916685559659,0.003560491296641266,-0.028173430621721035,5.147058823529412,-0.0019433593749999993
P27_raw_detail_lowfreq_chroma,msfi_50k,pred_density_increase,1,weixiaoyuanjia.22,-0.00022460937499999987,2.813427686691284,1.011415958404541,0.9972021579742432,2.414883122481293,0.9826500347556216,0.004405286343612369,-0.008771929824561403,0.0,-0.00022460937499999987
P27_raw_detail_lowfreq_chroma,msfi_50k,pred_density_increase,2,chichaoyiwan.4,-0.000263671875,1.799462914466858,1.1693944931030273,0.9282177686691284,1.3560289909376855,1.032789756234431,0.0,0.0,0.0,-0.000263671875
P27_raw_detail_lowfreq_chroma,msfi_50k,pred_density_increase,3,tama.11,-0.00028320312500000003,1.1574902534484863,1.0581445693969727,0.2038281261920929,3.515294485986916,1.0079191475571623,0.003095975232198178,-0.006172839506172839,0.0,-0.00028320312500000003
P27_raw_detail_lowfreq_chroma,msfi_50k,pred_density_increase,4,haiyangkadun.13,-0.00029296875000000004,1.1179622411727905,0.8406835794448853,0.3545800745487213,1.312828514464654,0.9857540280430497,0.001750240658090485,-0.003333333333333334,9.655475093263112,-0.00029296875000000004
P27_raw_detail_lowfreq_chroma,msfi_50k,pred_density_increase,5,chichaoyiwan.2,-0.00030273437500000005,1.8873567581176758,1.265078067779541,0.927929699420929,1.461941370636678,1.040215633146413,0.0,0.0,0.0,-0.00030273437500000005
P27_raw_detail_lowfreq_chroma,msfi_50k,pred_density_increase,6,tama.14,-0.00032226562500000007,1.156884789466858,1.0419824123382568,0.22385254502296448,3.617807689755781,1.0050160073304397,0.0,0.0,0.0,-0.00032226562500000007
P27_raw_detail_lowfreq_chroma,msfi_50k,pred_density_increase,7,weixiaoyuanjia.21,-0.00033203124999999997,2.909677743911743,1.071191430091858,0.9398486614227295,2.2305735298531357,1.0644451731967386,0.025423728813559365,-0.049586776859504134,0.0,-0.00033203124999999997
P27_raw_detail_lowfreq_chroma,msfi_50k,pred_density_increase,8,qiuxing.4,-0.0003417968750000001,1.5971907377243042,1.3004199266433716,0.5631689429283142,1.0345438320203022,0.9855165038220676,0.0,0.0,0.0,-0.0003417968750000001
P27_raw_detail_lowfreq_chroma,msfi_50k,pred_density_increase,9,chichaoyiwan.1,-0.0003515625000000001,1.7712500095367432,1.1377636194229126,0.9336035251617432,1.2914084857638426,1.0035289032375114,-0.006882555283375225,-0.005747126436781609,0.0,-0.0003515625000000001
P27_raw_detail_lowfreq_chroma,msfi_50k,pred_density_increase,10,donghaiyuanjia.26,-0.0003808593749999999,3.0913217067718506,1.4469434022903442,1.0399901866912842,1.2408953082095129,0.9744276283291776,0.0071472602169169175,-0.014102564102564103,0.0,-0.0003808593749999999
